episode,collision,success,termination_reason,steps,episode_return,actual_path_length,optimal_distance,path_efficiency_ratio
1,1,0,boundary_collision,,,69.00000000000004,593.0935845210265,
2,1,0,boundary_collision,,,93.00000000000004,728.0453282591682,
3,1,0,obstacle_collision,,,203.99999999999997,575.0556494809872,
4,1,0,boundary_collision,,,204.0,589.6185207403173,
5,1,0,obstacle_collision,,,116.9999999999999,602.4657666623059,
6,1,0,boundary_collision,,,62.99999999999999,662.148019705564,
7,1,0,boundary_collision,,,107.99999999999993,633.2969287782786,
8,1,0,obstacle_collision,,,126.00000000000013,572.0952717860898,
9,1,0,boundary_collision,,,396.00000000000034,633.3356140309812,
10,1,0,obstacle_collision,,,339.00000000000085,722.2638022218752,
11,1,0,boundary_collision,,,147.00000000000014,600.0008333327546,
12,1,0,obstacle_collision,,,80.99999999999997,633.1413744180678,
13,1,0,boundary_collision,,,137.99999999999957,585.0478612899974,
14,1,0,boundary_collision,,,114.00000000000013,598.2056502575014,
15,1,0,obstacle_collision,,,681.0000000000005,678.3170350212355,
16,1,0,obstacle_collision,,,599.9999999999998,693.6000288350629,
17,1,0,obstacle_collision,,,378.0000000000001,632.0071202130558,
18,1,0,boundary_collision,,,240.00000000000006,512.3377792043058,
19,1,0,boundary_collision,,,197.99999999999994,706.4290481003736,
20,1,0,boundary_collision,,,101.99999999999993,651.3877493474988,
21,1,0,obstacle_collision,,,75.00000000000001,563.1740405949124,
22,1,0,obstacle_collision,,,59.99999999999991,577.2936860905374,
23,1,0,boundary_collision,,,71.99999999999999,536.7839416376015,
24,1,0,boundary_collision,,,147.00000000000014,705.1219752638547,
25,1,0,boundary_collision,,,288.0000000000004,571.7490708344002,
26,1,0,boundary_collision,,,66.00000000000001,720.855741462881,
27,1,0,boundary_collision,,,59.99999999999994,634.4927107540323,
28,1,0,boundary_collision,,,63.00000000000001,636.019653784378,
29,1,0,obstacle_collision,,,206.9999999999997,709.7393887899981,
30,1,0,obstacle_collision,,,77.9999999999997,655.7697766747108,
31,1,0,boundary_collision,,,111.00000000000009,574.5928993644109,
32,1,0,boundary_collision,,,87.0,665.6380397783769,
33,1,0,boundary_collision,,,186.00000000000037,576.086799015565,
34,1,0,boundary_collision,,,303.0000000000002,585.702996406882,
35,1,0,boundary_collision,,,483.00000000000006,659.2154427802795,
36,1,0,boundary_collision,,,423.0000000000003,594.3483826847685,
37,1,0,boundary_collision,,,174.00000000000006,619.3448151070613,
38,1,0,boundary_collision,,,78.00000000000003,658.5871240769895,
39,1,0,boundary_collision,,,75.0,654.2858702432752,
40,1,0,boundary_collision,,,108.00000000000001,672.0505933335675,
41,1,0,obstacle_collision,,,347.99999999999966,575.2842775532806,
42,1,0,boundary_collision,,,56.99999999999999,682.6836749183328,
43,1,0,boundary_collision,,,497.99999999999994,652.898920201282,
44,1,0,boundary_collision,,,726.0000000000003,689.4729871430787,
45,1,0,boundary_collision,,,105.00000000000006,589.0687565980732,
46,1,0,boundary_collision,,,236.99999999999977,737.4889829685593,
47,1,0,boundary_collision,,,132.00000000000003,590.1203267131204,
48,1,0,boundary_collision,,,77.99999999999997,648.1975007665487,
49,1,0,obstacle_collision,,,54.00000000000013,563.0319706730693,
50,1,0,boundary_collision,,,201.0,660.9183005485625,
51,1,0,obstacle_collision,,,719.9999999999998,705.6493463470366,
52,1,0,obstacle_collision,,,296.9999999999997,645.5214946072671,
53,1,0,boundary_collision,,,45.00000000000001,715.6486568142219,
54,1,0,boundary_collision,,,117.00000000000026,599.4263924786762,
55,1,0,boundary_collision,,,200.99999999999991,621.0161028508037,
56,1,0,boundary_collision,,,57.0,623.574374072572,
57,1,0,boundary_collision,,,75.00000000000003,586.4094132941592,
58,1,0,boundary_collision,,,56.99999999999999,768.2375934566077,
59,1,0,boundary_collision,,,356.99999999999994,598.03093565467,
60,1,0,obstacle_collision,,,102.00000000000001,561.3813320729502,
61,1,0,boundary_collision,,,228.00000000000003,694.6056435129217,
62,1,0,boundary_collision,,,53.99999999999999,586.1919480852667,
63,1,0,obstacle_collision,,,285.0,613.0619870779789,
64,1,0,boundary_collision,,,114.00000000000009,656.6589678059685,
65,1,0,obstacle_collision,,,566.9999999999998,688.8962185989991,
66,1,0,obstacle_collision,,,450.0,619.142956028735,
67,1,0,boundary_collision,,,87.00000000000001,637.2166036757046,
68,1,0,obstacle_collision,,,131.99999999999986,649.7260961359025,
69,1,0,boundary_collision,,,132.0,589.3089172921109,
70,1,0,obstacle_collision,,,255.0000000000002,573.5642945651342,
71,1,0,boundary_collision,,,71.99999999999997,612.0130717558245,
72,1,0,obstacle_collision,,,252.0,629.0389495094878,
73,1,0,obstacle_collision,,,392.9999999999998,702.3175919767352,
74,1,0,boundary_collision,,,414.0000000000003,679.9823527121862,
75,1,0,boundary_collision,,,116.99999999999999,559.0572421496747,
76,1,0,boundary_collision,,,80.9999999999997,614.1009688968094,
77,1,0,boundary_collision,,,167.9999999999999,632.9178461696273,
78,1,0,boundary_collision,,,464.9999999999993,646.7209599201188,
79,1,0,boundary_collision,,,177.00000000000014,619.3302834514069,
80,1,0,boundary_collision,,,258.0000000000003,587.6002042205228,
81,1,0,boundary_collision,,,198.0000000000001,649.0647117198715,
82,1,0,boundary_collision,,,309.0000000000006,684.8824716694098,
83,1,0,obstacle_collision,,,192.0000000000003,575.0912970998605,
84,1,0,boundary_collision,,,345.00000000000006,670.6780151458671,
85,1,0,boundary_collision,,,161.99999999999994,582.3263689719022,
86,1,0,boundary_collision,,,302.99999999999966,614.8333107436519,
87,1,0,boundary_collision,,,606.0,676.1397784482141,
88,1,0,boundary_collision,,,101.99999999999997,649.5205924372221,
89,1,0,boundary_collision,,,471.00000000000006,672.0148807876207,
90,1,0,boundary_collision,,,254.99999999999977,578.9991364414976,
91,1,0,boundary_collision,,,225.00000000000043,572.0034964928099,
92,1,0,obstacle_collision,,,89.99999999999999,634.9622035995528,
93,1,0,boundary_collision,,,152.99999999999966,567.3535053209771,
94,1,0,obstacle_collision,,,423.0000000000001,653.8539592294292,
95,1,0,obstacle_collision,,,180.00000000000017,579.0699439618672,
96,1,0,boundary_collision,,,110.99999999999993,640.1757571167468,
97,1,0,boundary_collision,,,48.00000000000014,587.3414679724224,
98,1,0,boundary_collision,,,134.9999999999999,676.5419425283254,
99,1,0,obstacle_collision,,,83.99999999999982,657.122515213107,
100,1,0,boundary_collision,,,90.00000000000001,574.5441671447027,
101,1,0,boundary_collision,,,123.00000000000009,608.4118670769004,
102,1,0,boundary_collision,,,303.0000000000003,712.7952020040539,
103,1,0,boundary_collision,,,738.0000000000002,590.3736105213376,
104,1,0,boundary_collision,,,47.99999999999999,635.9095847681492,
105,1,0,boundary_collision,,,158.99999999999991,607.398551200116,
106,1,0,boundary_collision,,,105.00000000000006,611.1104646461228,
107,1,0,boundary_collision,,,84.0,597.9473220945137,
108,1,0,boundary_collision,,,437.99999999999966,556.0512566301779,
109,1,0,boundary_collision,,,102.0,527.5395719754111,
110,1,0,obstacle_collision,,,77.99999999999997,592.4668767112639,
111,1,0,obstacle_collision,,,218.9999999999999,737.4618634207467,
112,1,0,boundary_collision,,,111.00000000000004,648.4273282334728,
113,1,0,boundary_collision,,,185.99999999999997,562.9680275113321,
114,1,0,boundary_collision,,,155.9999999999999,628.6374153675551,
115,1,0,boundary_collision,,,120.00000000000003,553.3985905294663,
116,1,0,boundary_collision,,,248.99999999999972,562.3850993758637,
117,1,0,boundary_collision,,,149.99999999999983,588.6000339789321,
118,1,0,boundary_collision,,,126.00000000000003,566.0689003999424,
119,1,0,boundary_collision,,,122.99999999999953,616.6765764969512,
120,1,0,boundary_collision,,,170.99999999999983,599.5281477962482,
121,1,0,boundary_collision,,,815.9999999999995,587.191621193627,
122,1,0,obstacle_collision,,,83.99999999999989,682.0029325450148,
123,1,0,obstacle_collision,,,332.99999999999994,671.7157136765524,
124,1,0,boundary_collision,,,62.99999999999998,746.274078338515,
125,1,0,boundary_collision,,,69.00000000000004,642.6297534350554,
126,1,0,obstacle_collision,,,768.0,680.8384536731162,
127,1,0,obstacle_collision,,,396.00000000000045,529.1360883553493,
128,1,0,obstacle_collision,,,617.9999999999998,625.1559805360579,
129,1,0,boundary_collision,,,41.99999999999996,647.8348554994552,
130,1,0,boundary_collision,,,107.99999999999999,606.0008250819466,
131,1,0,boundary_collision,,,48.0,698.4554388076593,
132,1,0,boundary_collision,,,284.9999999999996,641.6829435165002,
133,1,0,obstacle_collision,,,105.00000000000013,697.2775630980822,
134,1,0,obstacle_collision,,,630.0000000000006,670.132076534171,
135,1,0,boundary_collision,,,437.99999999999994,678.0597318820813,
136,1,0,boundary_collision,,,132.0000000000001,606.9810540700591,
137,1,0,obstacle_collision,,,264.0000000000003,695.2697318307478,
138,1,0,obstacle_collision,,,293.9999999999998,638.173957475546,
139,1,0,boundary_collision,,,138.00000000000017,583.9726020970504,
140,1,0,boundary_collision,,,89.99999999999983,703.6831673416666,
141,1,0,boundary_collision,,,53.999999999999986,654.5242547071881,
142,1,0,boundary_collision,,,179.9999999999999,665.5163408962999,
143,1,0,obstacle_collision,,,140.9999999999999,540.0009259251322,
144,1,0,obstacle_collision,,,407.9999999999999,722.2638022218752,
145,1,0,boundary_collision,,,129.00000000000014,689.6035092718133,
146,1,0,boundary_collision,,,93.0,652.110420097701,
147,1,0,obstacle_collision,,,797.9999999999995,578.7270513808734,
148,1,0,boundary_collision,,,156.00000000000003,641.346240341362,
149,1,0,boundary_collision,,,234.00000000000014,586.2849136725249,
150,1,0,obstacle_collision,,,299.99999999999983,633.6221271388807,
151,1,0,obstacle_collision,,,176.99999999999977,643.1329567049103,
152,1,0,boundary_collision,,,191.99999999999974,631.40478300374,
153,1,0,boundary_collision,,,318.00000000000034,633.1792795093661,
154,1,0,boundary_collision,,,105.00000000000009,605.6219943165869,
155,1,0,obstacle_collision,,,314.9999999999999,560.1160594019779,
156,1,0,obstacle_collision,,,140.99999999999991,617.4479735167976,
157,1,0,boundary_collision,,,74.99999999999999,724.2057718632184,
158,1,0,boundary_collision,,,117.0,716.0446913426564,
159,1,0,obstacle_collision,,,323.9999999999998,652.3381025204644,
160,1,0,boundary_collision,,,177.00000000000003,567.0670154399743,
161,1,0,boundary_collision,,,648.0,611.9191123016178,
162,1,0,obstacle_collision,,,101.99999999999986,691.158447825099,
163,1,0,obstacle_collision,,,225.00000000000009,647.0278201128604,
164,1,0,boundary_collision,,,261.0000000000001,640.4100249059192,
165,1,0,boundary_collision,,,99.0,614.7658090687868,
166,1,0,obstacle_collision,,,417.0,538.8033036275854,
167,1,0,boundary_collision,,,177.00000000000006,688.1925602620244,
168,1,0,boundary_collision,,,206.99999999999935,581.2434945872512,
169,1,0,boundary_collision,,,131.99999999999966,626.4862328894387,
170,1,0,obstacle_collision,,,251.99999999999966,610.5800520816251,
171,1,0,obstacle_collision,,,350.99999999999943,668.0905627233482,
172,1,0,boundary_collision,,,486.00000000000034,588.192145476289,
173,1,0,obstacle_collision,,,156.00000000000006,682.7364059430257,
174,1,0,boundary_collision,,,282.0000000000003,610.98363316868,
175,1,0,boundary_collision,,,141.0000000000002,581.581464628989,
176,1,0,obstacle_collision,,,314.99999999999966,662.487735735538,
177,1,0,boundary_collision,,,90.00000000000006,543.0893112555245,
178,1,0,obstacle_collision,,,626.9999999999998,625.0511979030198,
179,1,0,obstacle_collision,,,140.99999999999991,679.395319383347,
180,1,0,boundary_collision,,,921.0000000000001,702.000712250351,
181,1,0,boundary_collision,,,72.00000000000001,678.3251432757008,
182,1,0,boundary_collision,,,95.99999999999994,571.5811403466703,
183,1,0,boundary_collision,,,794.9999999999999,531.672831730191,
184,1,0,obstacle_collision,,,255.0000000000002,663.6663318264683,
185,1,0,obstacle_collision,,,272.9999999999994,618.9151799721833,
186,1,0,boundary_collision,,,207.0000000000005,625.4254551903049,
187,1,0,obstacle_collision,,,260.99999999999955,650.8678821389177,
188,1,0,boundary_collision,,,357.0000000000004,647.006182350679,
189,1,0,boundary_collision,,,536.9999999999997,560.0723167591842,
190,1,0,boundary_collision,,,447.0000000000001,575.7308398896137,
191,1,0,boundary_collision,,,578.9999999999999,690.759726677808,
192,1,0,boundary_collision,,,131.99999999999986,567.6909370423311,
193,1,0,boundary_collision,,,188.99999999999994,557.0439839007329,
194,1,0,boundary_collision,,,59.999999999999986,671.9769341279506,
195,1,0,boundary_collision,,,63.00000000000002,632.32981900271,
196,1,0,boundary_collision,,,807.0000000000008,660.6300023462452,
197,1,0,boundary_collision,,,105.0,552.1612083440849,
198,1,0,obstacle_collision,,,423.0000000000002,619.588573167711,
199,1,0,boundary_collision,,,191.99999999999997,640.4404734243457,
200,1,0,boundary_collision,,,149.99999999999991,638.3760647142091,
201,1,0,boundary_collision,,,413.9999999999999,666.0330322138685,
202,1,0,boundary_collision,,,225.00000000000017,597.8503157145608,
203,1,0,boundary_collision,,,365.99999999999994,646.2197768561405,
204,1,0,boundary_collision,,,221.99999999999977,594.0850107518283,
205,1,0,boundary_collision,,,74.9999999999999,680.7525247841538,
206,1,0,boundary_collision,,,174.00000000000006,618.2758284131768,
207,1,0,obstacle_collision,,,449.9999999999998,593.2663819904175,
208,1,0,boundary_collision,,,81.00000000000001,637.2730968744876,
209,1,0,obstacle_collision,,,164.99999999999972,567.3737745084804,
210,1,0,obstacle_collision,,,287.9999999999999,661.1542936410532,
211,1,0,boundary_collision,,,113.99999999999993,678.1754935118196,
212,1,0,boundary_collision,,,62.99999999999999,627.1522941040716,
213,1,0,obstacle_collision,,,203.99999999999994,695.449494931156,
214,1,0,boundary_collision,,,275.99999999999994,538.0752735445107,
215,1,0,boundary_collision,,,167.99999999999983,640.2163696751279,
216,1,0,obstacle_collision,,,170.99999999999994,603.5428733735491,
217,1,0,boundary_collision,,,189.00000000000006,553.2250898142636,
218,1,0,boundary_collision,,,192.00000000000006,624.6479008209345,
219,1,0,boundary_collision,,,153.00000000000003,587.2180174347513,
220,1,0,boundary_collision,,,149.99999999999991,561.3599558215744,
221,1,0,obstacle_collision,,,344.99999999999983,691.8511400583221,
222,1,0,obstacle_collision,,,137.99999999999994,552.1313249581118,
223,1,0,boundary_collision,,,105.00000000000006,604.8470881140125,
224,1,0,boundary_collision,,,95.99999999999999,600.7503641280628,
225,1,0,obstacle_collision,,,228.00000000000063,620.1007982578317,
226,1,0,boundary_collision,,,93.00000000000024,640.7846752224963,
227,1,0,boundary_collision,,,707.9999999999997,576.7642499323272,
228,1,0,boundary_collision,,,74.99999999999972,711.6213880990368,
229,1,0,boundary_collision,,,93.0,725.6121553557382,
230,1,0,obstacle_collision,,,90.00000000000003,636.8045225970054,
231,1,0,boundary_collision,,,78.0,651.835868911799,
232,1,0,boundary_collision,,,87.00000000000013,641.3025806902698,
233,1,0,obstacle_collision,,,377.9999999999997,638.3079194244734,
234,1,0,boundary_collision,,,113.99999999999973,624.5846619954737,
235,1,0,obstacle_collision,,,93.00000000000011,692.7921766301926,
236,1,0,boundary_collision,,,429.00000000000006,520.0009615375725,
237,1,0,boundary_collision,,,495.00000000000006,618.6388283966663,
238,1,0,boundary_collision,,,150.00000000000017,633.0284353802758,
239,1,0,boundary_collision,,,402.0,570.3507692639679,
240,1,0,boundary_collision,,,162.0000000000002,703.9332354705239,
241,1,0,boundary_collision,,,687.0000000000005,655.9344479443049,
242,1,0,boundary_collision,,,69.00000000000003,682.5547597079666,
243,1,0,obstacle_collision,,,297.00000000000006,530.3225433639419,
244,1,0,obstacle_collision,,,495.00000000000006,699.1602105383287,
245,1,0,boundary_collision,,,143.99999999999986,570.3507692639679,
246,1,0,boundary_collision,,,647.9999999999999,594.9596624982235,
247,1,0,obstacle_collision,,,147.0000000000002,622.7118113541769,
248,1,0,boundary_collision,,,101.99999999999997,538.6399539581148,
249,1,0,obstacle_collision,,,735.0000000000001,655.2251521423761,
250,1,0,boundary_collision,,,120.00000000000001,573.7673744645996,
251,1,0,boundary_collision,,,225.00000000000003,687.6168991524278,
252,1,0,obstacle_collision,,,98.99999999999989,617.1166826459969,
253,1,0,boundary_collision,,,341.99999999999983,608.086342553424,
254,1,0,boundary_collision,,,56.9999999999999,638.3181025162925,
255,1,0,boundary_collision,,,132.0,520.0471132503285,
256,1,0,boundary_collision,,,132.0,535.5529852404895,
257,1,0,boundary_collision,,,186.0000000000003,588.0170065567831,
258,1,0,obstacle_collision,,,830.9999999999993,689.0029027515051,
259,1,0,obstacle_collision,,,273.0000000000003,793.2294749944684,
260,1,0,obstacle_collision,,,336.00000000000034,579.9672404541484,
261,1,0,boundary_collision,,,254.99999999999955,571.7735565763776,
262,1,0,boundary_collision,,,104.99999999999986,700.6511257394795,
263,1,0,boundary_collision,,,234.00000000000054,556.1942106854403,
264,1,0,boundary_collision,,,69.00000000000001,710.6595528099232,
265,1,0,boundary_collision,,,282.0000000000003,575.1182487106456,
266,1,0,obstacle_collision,,,119.99999999999996,664.930071511283,
267,1,0,boundary_collision,,,519.0000000000005,734.0640299047488,
268,1,0,boundary_collision,,,152.99999999999991,637.0431696517905,
269,1,0,obstacle_collision,,,816.0000000000002,655.6599728517824,
270,1,0,boundary_collision,,,500.9999999999993,686.4881645010349,
271,1,0,boundary_collision,,,159.0,588.3128419472075,
272,1,0,boundary_collision,,,162.0,694.1037386443038,
273,1,0,obstacle_collision,,,171.00000000000006,691.3559141281718,
274,1,0,boundary_collision,,,737.9999999999989,684.7627326307996,
275,1,0,boundary_collision,,,45.00000000000015,808.3872834229891,
276,1,0,boundary_collision,,,42.00000000000031,727.3822928831853,
277,1,0,boundary_collision,,,132.0,582.0738784724839,
278,1,0,boundary_collision,,,102.00000000000006,670.9403848331087,
279,1,0,boundary_collision,,,351.0000000000002,582.2001374098086,
280,1,0,boundary_collision,,,95.99999999999993,617.0980473150114,
281,1,0,obstacle_collision,,,105.0,550.8175741568165,
282,0,1,success,,,899.9999999999999,583.6480103624101,1.5420253029581208
283,1,0,obstacle_collision,,,150.00000000000006,712.6071849202757,
284,1,0,obstacle_collision,,,473.9999999999999,618.3914617780553,
285,1,0,boundary_collision,,,89.99999999999997,567.0881765651617,
286,1,0,obstacle_collision,,,134.99999999999994,591.121814857141,
287,1,0,obstacle_collision,,,105.00000000000006,619.1647599791189,
288,1,0,boundary_collision,,,170.99999999999963,639.1908948037354,
289,1,0,boundary_collision,,,80.99999999999997,786.6091786904092,
290,1,0,obstacle_collision,,,254.9999999999999,614.0203579686914,
291,1,0,boundary_collision,,,51.000000000000014,623.2575711533716,
292,1,0,obstacle_collision,,,294.0000000000003,582.7417953090373,
293,1,0,obstacle_collision,,,134.99999999999986,568.4654782834223,
294,1,0,boundary_collision,,,104.99999999999989,608.8949006191463,
295,1,0,boundary_collision,,,59.99999999999999,625.352700481896,
296,1,0,obstacle_collision,,,152.9999999999998,608.0476954976476,
297,1,0,boundary_collision,,,71.99999999999999,608.5433427456092,
298,1,0,boundary_collision,,,111.00000000000007,589.2172774113128,
299,1,0,boundary_collision,,,120.00000000000006,666.0330322138685,
300,1,0,obstacle_collision,,,252.00000000000017,535.6276691882151,
301,1,0,obstacle_collision,,,80.99999999999987,697.862450630495,
302,1,0,obstacle_collision,,,155.99999999999986,640.5154174569102,
303,1,0,boundary_collision,,,203.9999999999998,579.672321229848,
304,1,0,boundary_collision,,,92.99999999999999,654.9656479541503,
305,1,0,boundary_collision,,,56.99999999999993,654.6525796176168,
306,1,0,boundary_collision,,,98.9999999999999,675.4035830523851,
307,1,0,obstacle_collision,,,87.00000000000001,638.3925124874195,
308,1,0,boundary_collision,,,437.9999999999989,559.7722751262338,
309,1,0,obstacle_collision,,,174.0,711.8040460688602,
310,1,0,obstacle_collision,,,335.9999999999998,742.8929936404031,
311,1,0,obstacle_collision,,,144.0,730.8652406565795,
312,1,0,obstacle_collision,,,93.0000000000001,618.582249987825,
313,1,0,obstacle_collision,,,107.9999999999999,599.6107070424944,
314,1,0,obstacle_collision,,,252.0000000000001,589.2172774113128,
315,1,0,obstacle_collision,,,345.00000000000085,665.759716414263,
316,1,0,boundary_collision,,,71.99999999999997,626.2467564786264,
317,1,0,obstacle_collision,,,237.0000000000003,602.4367186684424,
318,1,0,boundary_collision,,,53.999999999999986,588.0306114480776,
319,1,0,obstacle_collision,,,309.0000000000001,632.32981900271,
320,1,0,boundary_collision,,,111.00000000000006,598.8731084294902,
321,1,0,obstacle_collision,,,356.9999999999998,590.8925452229026,
322,1,0,boundary_collision,,,204.0000000000003,565.0318575089373,
323,1,0,obstacle_collision,,,396.0000000000005,613.3946527318282,
324,1,0,boundary_collision,,,129.0000000000003,639.153346232342,
325,1,0,boundary_collision,,,258.0000000000001,576.8882040742383,
326,1,0,boundary_collision,,,90.00000000000018,634.6975657744404,
327,1,0,boundary_collision,,,570.0000000000001,531.304997153236,
328,1,0,boundary_collision,,,81.00000000000001,644.2872030391416,
329,1,0,boundary_collision,,,245.99999999999991,629.0643846221149,
330,1,0,obstacle_collision,,,248.99999999999994,575.7264975663358,
331,1,0,boundary_collision,,,183.00000000000003,651.9976993824441,
332,1,0,obstacle_collision,,,522.0000000000001,585.6295757558697,
333,1,0,boundary_collision,,,153.0,548.3402228543881,
334,1,0,boundary_collision,,,224.9999999999999,617.5078946863756,
335,1,0,boundary_collision,,,87.00000000000004,695.1172562956555,
336,1,0,boundary_collision,,,59.99999999999997,734.9319696407281,
337,1,0,boundary_collision,,,92.99999999999997,566.7627369543626,
338,1,0,boundary_collision,,,320.9999999999998,609.7376485013862,
339,1,0,boundary_collision,,,510.0000000000002,591.5716355607324,
340,1,0,obstacle_collision,,,378.0000000000004,662.2054061996172,
341,1,0,boundary_collision,,,276.0000000000001,545.7700981182461,
342,1,0,boundary_collision,,,101.99999999999999,696.7137145198162,
343,1,0,obstacle_collision,,,206.99999999999994,600.1816391726758,
344,1,0,obstacle_collision,,,563.9999999999993,557.0574476658579,
345,1,0,boundary_collision,,,837.0000000000002,607.3755016462221,
346,0,1,success,,,633.0000000000006,621.0974158696846,1.0191637959299018
347,1,0,obstacle_collision,,,60.000000000000036,630.3752850485178,
348,1,0,boundary_collision,,,98.9999999999999,613.7833493994441,
349,1,0,boundary_collision,,,156.00000000000017,715.9231802365391,
350,1,0,boundary_collision,,,156.00000000000006,601.9975083004912,
351,1,0,obstacle_collision,,,276.0000000000003,654.7617887445784,
352,1,0,boundary_collision,,,134.9999999999999,570.2718649907252,
353,1,0,boundary_collision,,,318.00000000000017,628.4616137840083,
354,1,0,obstacle_collision,,,104.99999999999989,570.3586590909267,
355,1,0,boundary_collision,,,111.00000000000003,648.006944407234,
356,1,0,boundary_collision,,,107.99999999999996,564.0939638039039,
357,1,0,obstacle_collision,,,1061.9999999999995,644.8317610043723,
358,1,0,boundary_collision,,,270.0000000000001,648.0563247125978,
359,1,0,boundary_collision,,,318.0000000000008,655.3060353758387,
360,1,0,boundary_collision,,,168.00000000000023,558.627783054155,
361,1,0,obstacle_collision,,,131.9999999999998,613.1304918204606,
362,1,0,boundary_collision,,,747.0000000000014,640.8720621153648,
363,1,0,boundary_collision,,,285.00000000000006,607.842907337085,
364,1,0,boundary_collision,,,96.00000000000007,646.0108358224342,
365,1,0,obstacle_collision,,,87.00000000000006,584.1729196051457,
366,1,0,boundary_collision,,,909.0,665.2976777353127,
367,1,0,obstacle_collision,,,53.99999999999989,579.7732315310875,
368,1,0,boundary_collision,,,182.99999999999991,634.1498245682956,
369,1,0,obstacle_collision,,,213.00000000000028,655.2098900352466,
370,1,0,boundary_collision,,,116.99999999999997,574.9434754825904,
371,1,0,obstacle_collision,,,57.00000000000007,586.787866268552,
372,1,0,boundary_collision,,,105.00000000000009,627.034289333526,
373,1,0,boundary_collision,,,219.0,604.6527929316129,
374,1,0,obstacle_collision,,,141.00000000000014,567.3182528352141,
375,1,0,obstacle_collision,,,140.99999999999966,630.1142753501146,
376,1,0,boundary_collision,,,47.99999999999999,659.873472720339,
377,1,0,boundary_collision,,,126.00000000000006,578.6302791938908,
378,1,0,boundary_collision,,,392.9999999999998,634.9582663451197,
379,1,0,obstacle_collision,,,372.00000000000045,668.1077757368192,
380,1,0,boundary_collision,,,851.9999999999997,633.4390262685115,
381,1,0,boundary_collision,,,90.00000000000003,607.1680162854431,
382,1,0,boundary_collision,,,47.99999999999999,607.4248924764279,
383,1,0,obstacle_collision,,,183.0000000000002,595.1016719855523,
384,1,0,obstacle_collision,,,414.0,637.2166036757046,
385,1,0,boundary_collision,,,90.00000000000001,621.7298448683318,
386,1,0,boundary_collision,,,53.999999999999986,657.6473218982952,
387,1,0,boundary_collision,,,306.0,603.3945641120741,
388,1,0,obstacle_collision,,,149.9999999999999,675.9474831671466,
389,1,0,obstacle_collision,,,396.00000000000006,628.5379861233528,
390,1,0,boundary_collision,,,81.00000000000001,695.7707955929166,
391,1,0,boundary_collision,,,84.00000000000003,695.8002586949792,
392,1,0,boundary_collision,,,189.00000000000014,670.9292063996022,
393,1,0,obstacle_collision,,,89.99999999999993,576.5865069527729,
394,1,0,obstacle_collision,,,324.0000000000003,597.3692325521963,
395,1,0,obstacle_collision,,,131.99999999999991,636.9693870195019,
396,1,0,boundary_collision,,,81.0,748.6641436585567,
397,1,0,boundary_collision,,,293.99999999999955,698.2048410029824,
398,1,0,obstacle_collision,,,531.000000000001,594.4451194181007,
399,1,0,obstacle_collision,,,201.00000000000028,564.354498520212,
400,1,0,boundary_collision,,,723.0000000000001,557.8826041381825,
401,1,0,boundary_collision,,,147.00000000000026,572.6866507960527,
402,1,0,obstacle_collision,,,261.00000000000006,649.5690879344552,
403,1,0,obstacle_collision,,,609.0,573.9721247586855,
404,1,0,obstacle_collision,,,431.9999999999998,570.9588426498008,
405,1,0,boundary_collision,,,810.0,635.9402487655582,
406,1,0,boundary_collision,,,128.99999999999991,547.3655085954905,
407,1,0,boundary_collision,,,74.99999999999993,645.962847228848,
408,1,0,obstacle_collision,,,206.99999999999994,623.9527225679843,
409,0,1,success,,,722.9999999999997,687.6488929679157,1.0514086583917956
410,1,0,boundary_collision,,,111.00000000000026,702.5738395357458,
411,0,1,success,,,722.9999999999997,646.0742991328474,1.11906633798992
412,1,0,boundary_collision,,,360.0000000000003,608.7446098323993,
413,1,0,obstacle_collision,,,144.00000000000006,678.0117993073571,
414,1,0,obstacle_collision,,,465.0,618.0493507803402,
415,1,0,obstacle_collision,,,93.00000000000009,629.8801473296329,
416,1,0,boundary_collision,,,117.0000000000001,649.359684612465,
417,1,0,boundary_collision,,,54.00000000000002,624.2827884861155,
418,1,0,boundary_collision,,,753.0000000000002,631.1647962299545,
419,1,0,obstacle_collision,,,125.99999999999993,637.41979887669,
420,1,0,obstacle_collision,,,165.00000000000003,647.7839145888079,
421,1,0,boundary_collision,,,696.0,552.2934002864781,
422,1,0,boundary_collision,,,1071.0,589.6185207403173,
423,1,0,boundary_collision,,,60.00000000000011,687.0705931707455,
424,1,0,boundary_collision,,,203.99999999999991,572.8429104038908,
425,1,0,boundary_collision,,,779.9999999999997,578.4574314502321,
426,1,0,obstacle_collision,,,239.99999999999986,568.5384771499639,
427,1,0,obstacle_collision,,,54.000000000000185,597.1013314337861,
428,1,0,boundary_collision,,,38.99999999999999,661.8859418359027,
429,1,0,boundary_collision,,,318.0000000000001,598.3017633268349,
430,1,0,boundary_collision,,,78.0,665.201473239499,
431,0,1,success,,,554.999999999999,531.304997153236,1.0445977413608423
432,1,0,obstacle_collision,,,191.9999999999996,752.5875364367922,
433,1,0,obstacle_collision,,,185.99999999999997,511.3208386130962,
434,1,0,obstacle_collision,,,335.9999999999999,644.8449426024833,
435,1,0,obstacle_collision,,,398.99999999999994,681.916417165623,
436,1,0,obstacle_collision,,,204.00000000000017,587.3882872512867,
437,1,0,obstacle_collision,,,248.9999999999998,602.1195894504679,
438,1,0,boundary_collision,,,146.99999999999983,563.0142094121604,
439,1,0,boundary_collision,,,87.00000000000007,674.1312928502874,
440,1,0,boundary_collision,,,63.000000000000014,665.0902194439489,
441,1,0,obstacle_collision,,,237.0000000000003,684.6911712589845,
442,1,0,boundary_collision,,,848.9999999999993,709.9802814163221,
443,1,0,obstacle_collision,,,270.0000000000004,659.4619018563544,
444,1,0,boundary_collision,,,71.99999999999999,690.9703322140539,
445,1,0,boundary_collision,,,144.00000000000023,619.7846400161915,
446,1,0,boundary_collision,,,104.99999999999994,629.3822368004995,
447,1,0,boundary_collision,,,71.99999999999999,659.6514231016257,
448,1,0,boundary_collision,,,197.99999999999997,569.7385365235531,
449,1,0,boundary_collision,,,48.000000000000014,740.0878326252905,
450,1,0,obstacle_collision,,,309.0000000000006,610.0860595030836,
451,0,1,success,,,836.9999999999999,568.8022503471659,1.4715131655845959
452,1,0,obstacle_collision,,,146.9999999999999,603.212234623934,
453,1,0,obstacle_collision,,,53.99999999999995,572.4508712544684,
454,1,0,boundary_collision,,,177.0000000000005,729.6971974730341,
455,1,0,obstacle_collision,,,551.9999999999999,655.9519799497521,
456,1,0,obstacle_collision,,,104.99999999999993,698.7653397242883,
457,1,0,boundary_collision,,,116.99999999999991,580.9208207664793,
458,1,0,obstacle_collision,,,320.99999999999983,599.0008347239593,
459,1,0,boundary_collision,,,192.00000000000054,591.5716355607324,
460,1,0,obstacle_collision,,,147.0,655.2678841512072,
461,1,0,boundary_collision,,,69.0,640.656694337927,
462,1,0,obstacle_collision,,,261.00000000000017,573.649718905187,
463,1,0,obstacle_collision,,,162.00000000000045,577.0008665504758,
464,1,0,obstacle_collision,,,374.99999999999994,542.3292357968543,
465,1,0,boundary_collision,,,60.000000000000014,621.0128823140467,
466,1,0,boundary_collision,,,368.99999999999983,568.5806890846716,
467,1,0,boundary_collision,,,41.999999999999964,720.7676463327138,
468,1,0,boundary_collision,,,48.00000000000003,607.2108365304427,
469,1,0,boundary_collision,,,51.000000000000014,615.4624277728088,
470,1,0,obstacle_collision,,,180.00000000000003,767.2190039356428,
471,1,0,obstacle_collision,,,758.9999999999993,770.2110100485451,
472,1,0,obstacle_collision,,,104.99999999999987,742.5900618780189,
473,1,0,obstacle_collision,,,506.99999999999983,674.0511850000711,
474,1,0,obstacle_collision,,,95.99999999999997,630.3792509275667,
475,1,0,obstacle_collision,,,321.0000000000002,583.9289340322159,
476,1,0,boundary_collision,,,92.99999999999991,733.1746040337185,
477,1,0,boundary_collision,,,155.99999999999977,576.2508134484498,
478,1,0,obstacle_collision,,,414.0,650.0376912149018,
479,1,0,obstacle_collision,,,651.0000000000002,618.5935660835796,
480,1,0,obstacle_collision,,,434.9999999999999,656.6642977960656,
481,1,0,obstacle_collision,,,186.00000000000003,599.6840834973028,
482,1,0,boundary_collision,,,209.99999999999994,598.9407316254255,
483,1,0,obstacle_collision,,,275.99999999999994,623.2383171789103,
484,1,0,boundary_collision,,,105.0,571.9484242482009,
485,1,0,boundary_collision,,,339.00000000000006,531.9041266995397,
486,1,0,obstacle_collision,,,99.00000000000011,621.8552886323313,
487,1,0,boundary_collision,,,42.0,751.383390819893,
488,1,0,boundary_collision,,,198.0000000000002,591.4871089043277,
489,1,0,obstacle_collision,,,255.00000000000026,612.0457499239742,
490,1,0,boundary_collision,,,119.99999999999994,576.3904926349844,
491,1,0,obstacle_collision,,,336.0000000000003,579.8085891050597,
492,1,0,boundary_collision,,,225.00000000000017,652.441568264929,
493,1,0,obstacle_collision,,,585.0000000000001,616.0146102163487,
494,1,0,boundary_collision,,,81.00000000000001,701.4192754693871,
495,1,0,boundary_collision,,,75.00000000000027,675.148131894031,
496,1,0,obstacle_collision,,,414.00000000000006,655.916153178133,
497,1,0,boundary_collision,,,62.999999999999964,652.6637725506143,
498,1,0,boundary_collision,,,957.0000000000005,630.4871132703665,
499,1,0,boundary_collision,,,143.99999999999994,635.5949968336755,
500,1,0,boundary_collision,,,156.00000000000009,621.6630920361929,
501,1,0,obstacle_collision,,,198.0000000000002,739.0514190501226,
502,1,0,boundary_collision,,,176.99999999999966,513.5610966574474,
503,1,0,obstacle_collision,,,312.0000000000003,713.3316199356369,
504,1,0,obstacle_collision,,,270.0,664.8308055437865,
505,1,0,boundary_collision,,,192.00000000000048,596.5986925899184,
506,1,0,boundary_collision,,,86.99999999999996,618.5668920981789,
507,1,0,obstacle_collision,,,96.00000000000001,644.8131512306492,
508,1,0,obstacle_collision,,,347.9999999999999,737.8868476941434,
509,1,0,obstacle_collision,,,789.0000000000005,569.1230095506594,
510,1,0,boundary_collision,,,95.99999999999997,674.122392448137,
511,1,0,boundary_collision,,,318.0,603.3042350257456,
512,1,0,boundary_collision,,,107.99999999999993,677.8274116617002,
513,1,0,boundary_collision,,,878.9999999999984,648.340188481325,
514,1,0,obstacle_collision,,,258.0000000000003,564.2277908788258,
515,1,0,obstacle_collision,,,113.99999999999986,648.0015432080389,
516,1,0,obstacle_collision,,,497.99999999999966,712.0933927512598,
517,1,0,boundary_collision,,,53.99999999999996,703.6312954950199,
518,1,0,boundary_collision,,,119.99999999999969,640.7128842156992,
519,1,0,boundary_collision,,,180.0,564.0088651785537,
520,1,0,obstacle_collision,,,417.00000000000057,751.7246836442182,
521,1,0,boundary_collision,,,975.0000000000002,703.420215802759,
522,1,0,boundary_collision,,,102.00000000000017,660.5399306627874,
523,1,0,boundary_collision,,,926.9999999999995,618.0647215300353,
524,0,1,success,,,674.9999999999999,672.0863039818621,1.0043353003935287
525,1,0,obstacle_collision,,,104.99999999999986,613.9462517191549,
526,1,0,boundary_collision,,,219.00000000000023,652.5181989799212,
527,1,0,boundary_collision,,,156.0,686.1756334933499,
528,1,0,boundary_collision,,,98.99999999999991,567.9656679765072,
529,1,0,obstacle_collision,,,359.99999999999966,737.7181033430046,
530,1,0,obstacle_collision,,,759.0000000000002,722.4956747275377,
531,1,0,boundary_collision,,,204.00000000000009,533.1134963588898,
532,1,0,obstacle_collision,,,768.0000000000001,676.9025040580069,
533,1,0,obstacle_collision,,,239.99999999999983,618.7802517857208,
534,1,0,obstacle_collision,,,113.99999999999973,704.5771781714193,
535,1,0,obstacle_collision,,,152.99999999999994,562.6944108483751,
536,1,0,boundary_collision,,,116.99999999999994,524.504528102475,
537,1,0,boundary_collision,,,978.0,534.6821485705316,
538,1,0,obstacle_collision,,,180.0,674.5969166843264,
539,1,0,obstacle_collision,,,224.99999999999986,596.3094834060582,
540,1,0,obstacle_collision,,,584.9999999999997,549.0036429751627,
541,1,0,obstacle_collision,,,1319.9999999999993,650.1269106874441,
542,1,0,boundary_collision,,,197.99999999999986,595.1974462310806,
543,1,0,obstacle_collision,,,930.0000000000003,581.6433615197546,
544,1,0,obstacle_collision,,,237.0000000000004,623.7603706552701,
545,1,0,boundary_collision,,,66.0,686.6010486446987,
546,1,0,obstacle_collision,,,92.99999999999993,590.9526207742884,
547,1,0,obstacle_collision,,,176.99999999999983,596.5266129855398,
548,1,0,obstacle_collision,,,303.00000000000017,578.021625893011,
549,1,0,boundary_collision,,,66.0,684.9963503552409,
550,1,0,boundary_collision,,,114.00000000000001,634.4146908765591,
551,1,0,boundary_collision,,,197.99999999999983,606.7421198499409,
552,1,0,boundary_collision,,,140.9999999999997,585.9300299523826,
553,1,0,obstacle_collision,,,240.00000000000028,554.6692708272201,
554,1,0,boundary_collision,,,744.0,586.584179807127,
555,1,0,obstacle_collision,,,630.0000000000005,614.4306307468728,
556,1,0,obstacle_collision,,,80.99999999999991,640.378794152336,
557,1,0,boundary_collision,,,50.99999999999999,738.1822268247861,
558,1,0,obstacle_collision,,,335.99999999999983,566.3532466579493,
559,1,0,boundary_collision,,,137.99999999999997,628.8282754456895,
560,1,0,boundary_collision,,,83.99999999999999,672.991084636342,
561,1,0,obstacle_collision,,,158.99999999999986,543.6616594905328,
562,1,0,boundary_collision,,,129.00000000000003,552.675311552814,
563,1,0,boundary_collision,,,1074.0,556.2517415703073,
564,1,0,obstacle_collision,,,318.0000000000001,627.7618975375934,
565,1,0,boundary_collision,,,47.99999999999996,627.9649671757176,
566,1,0,boundary_collision,,,771.0000000000002,687.2066646941079,
567,1,0,obstacle_collision,,,798.0000000000002,572.2700411519023,
568,0,1,success,,,708.0000000000005,592.7098784396967,1.1945135820307298
569,1,0,obstacle_collision,,,126.00000000000004,553.0497265165222,
570,1,0,boundary_collision,,,140.99999999999994,759.2344828839111,
571,1,0,obstacle_collision,,,333.0000000000003,630.8422940799071,
572,1,0,obstacle_collision,,,96.00000000000001,713.8010927422289,
573,1,0,boundary_collision,,,233.99999999999997,652.7725484424111,
574,1,0,obstacle_collision,,,858.0000000000005,706.6116330771805,
575,1,0,obstacle_collision,,,252.0000000000002,606.6539375953971,
576,1,0,obstacle_collision,,,573.0000000000003,621.392790431302,
577,1,0,boundary_collision,,,98.99999999999989,651.5251338206378,
578,1,0,obstacle_collision,,,227.99999999999997,728.6267906136859,
579,1,0,boundary_collision,,,773.9999999999997,650.0284609153664,
580,1,0,obstacle_collision,,,380.99999999999943,703.0504960527373,
581,1,0,obstacle_collision,,,273.0,667.8001197963355,
582,1,0,boundary_collision,,,38.999999999999964,746.0040214368821,
583,1,0,boundary_collision,,,120.00000000000003,655.7232648000222,
584,1,0,obstacle_collision,,,444.00000000000045,619.4360338243167,
585,1,0,obstacle_collision,,,690.0000000000001,708.4666541200087,
586,1,0,obstacle_collision,,,857.9999999999993,721.4187410928552,
587,1,0,boundary_collision,,,606.0000000000001,741.547705815344,
588,1,0,obstacle_collision,,,896.9999999999995,673.3030521243759,
589,1,0,boundary_collision,,,47.99999999999999,659.3671208060044,
590,1,0,boundary_collision,,,128.9999999999999,627.2710737791118,
591,1,0,boundary_collision,,,732.0,594.6974020457799,
592,0,1,success,,,798.0000000000002,676.201892928436,1.1801209200170848
593,1,0,obstacle_collision,,,363.0,661.0975722236469,
594,1,0,boundary_collision,,,53.999999999999964,739.0433004905734,
595,0,1,success,,,686.9999999999999,680.1720370612129,1.010038582250879
596,1,0,boundary_collision,,,47.99999999999999,603.1981432332166,
597,1,0,obstacle_collision,,,609.0000000000001,605.2189686386242,
598,1,0,obstacle_collision,,,981.0,540.2369850352713,
599,1,0,boundary_collision,,,135.00000000000006,608.1126540370625,
600,1,0,boundary_collision,,,257.99999999999983,573.467523056014,
601,1,0,boundary_collision,,,210.0,552.003623176515,
602,0,1,success,,,912.0000000000002,637.2832965016422,1.4310746963029026
603,1,0,boundary_collision,,,51.000000000000064,682.5547597079666,
604,1,0,obstacle_collision,,,594.0000000000001,663.7740579444184,
605,0,1,success,,,633.0000000000003,631.1140942808994,1.0029882167680786
606,0,1,success,,,695.9999999999995,631.8939784489166,1.101450597311342
607,1,0,boundary_collision,,,86.99999999999986,642.6647648657892,
608,1,0,obstacle_collision,,,477.0000000000011,592.0008445939922,
609,1,0,obstacle_collision,,,572.9999999999994,658.1253679960985,
610,1,0,boundary_collision,,,56.99999999999997,706.847225360615,
611,1,0,obstacle_collision,,,642.0000000000001,687.7477735332918,
612,1,0,boundary_collision,,,263.9999999999999,593.407954109144,
613,0,1,success,,,590.9999999999998,538.8970217026626,1.0966844799637527
614,1,0,obstacle_collision,,,345.0,616.0665548461465,
615,1,0,obstacle_collision,,,734.9999999999997,749.6665925596525,
616,1,0,obstacle_collision,,,209.99999999999994,591.358605247273,
617,0,1,success,,,671.9999999999995,663.2299751971408,1.0132232033093076
618,1,0,boundary_collision,,,174.0000000000001,535.8553909405036,
619,1,0,obstacle_collision,,,101.99999999999996,771.3326130794678,
620,1,0,obstacle_collision,,,537.0000000000003,748.3535260824258,
621,1,0,boundary_collision,,,189.00000000000006,593.1020148338732,
622,1,0,obstacle_collision,,,245.99999999999994,618.5547671791076,
623,1,0,obstacle_collision,,,483.0000000000003,650.7572512081598,
624,1,0,obstacle_collision,,,306.0000000000005,747.342625574107,
625,1,0,boundary_collision,,,138.0,607.7318487622646,
626,1,0,obstacle_collision,,,86.99999999999987,578.1349323471122,
627,1,0,obstacle_collision,,,155.99999999999983,656.2872846551272,
628,1,0,obstacle_collision,,,123.00000000000013,576.6055844335883,
629,1,0,boundary_collision,,,48.00000000000001,702.5126333383621,
630,1,0,boundary_collision,,,51.0,627.0510346056371,
631,1,0,obstacle_collision,,,950.9999999999998,710.3492098960904,
632,1,0,obstacle_collision,,,711.0000000000011,685.6427641272094,
633,1,0,boundary_collision,,,42.0,647.3801047298256,
634,1,0,obstacle_collision,,,413.9999999999998,528.7882373880872,
635,1,0,obstacle_collision,,,809.9999999999991,603.9950330921605,
636,1,0,obstacle_collision,,,650.9999999999997,724.0062154429339,
637,1,0,obstacle_collision,,,152.99999999999991,595.4846765450812,
638,1,0,obstacle_collision,,,267.00000000000017,637.5578405133137,
639,1,0,obstacle_collision,,,296.99999999999983,629.2932543735075,
640,1,0,obstacle_collision,,,71.99999999999994,632.5037549295656,
641,1,0,obstacle_collision,,,201.00000000000017,592.8212209427055,
642,1,0,obstacle_collision,,,333.0000000000004,621.6960672225617,
643,1,0,boundary_collision,,,83.99999999999983,661.8957621861617,
644,1,0,boundary_collision,,,90.0,691.6942966368886,
645,1,0,obstacle_collision,,,663.0,620.5159143809286,
646,1,0,boundary_collision,,,110.99999999999996,562.9253947016425,
647,1,0,boundary_collision,,,98.99999999999999,582.0738784724839,
648,1,0,boundary_collision,,,105.00000000000001,663.0987860040161,
649,1,0,obstacle_collision,,,129.0000000000001,687.8328285273974,
650,1,0,boundary_collision,,,147.00000000000006,558.2436743931811,
651,1,0,obstacle_collision,,,402.00000000000017,651.1528238439882,
652,1,0,boundary_collision,,,156.00000000000006,608.839059193807,
653,1,0,boundary_collision,,,210.00000000000014,623.0609921989982,
654,1,0,obstacle_collision,,,95.99999999999987,595.9681199527371,
655,1,0,obstacle_collision,,,155.99999999999994,528.0009469688478,
656,1,0,boundary_collision,,,111.00000000000004,657.4511388688896,
657,1,0,obstacle_collision,,,441.00000000000045,604.1936775571224,
658,1,0,boundary_collision,,,219.00000000000009,714.8048684781043,
659,1,0,obstacle_collision,,,1010.9999999999985,616.0202918735713,
660,1,0,boundary_collision,,,152.99999999999977,629.0508723465854,
661,1,0,obstacle_collision,,,317.9999999999999,644.316692318304,
662,1,0,obstacle_collision,,,368.99999999999966,543.415126767741,
663,1,0,obstacle_collision,,,228.0000000000002,588.924443371134,
664,1,0,obstacle_collision,,,578.9999999999997,624.7919653772766,
665,0,1,success,,,681.0,675.9319492374954,1.0074978712993545
666,1,0,obstacle_collision,,,95.99999999999993,649.6160404423524,
667,1,0,obstacle_collision,,,201.00000000000006,608.6986117940471,
668,1,0,obstacle_collision,,,375.0000000000001,533.1585130146568,
669,1,0,boundary_collision,,,104.99999999999969,656.7746950058292,
670,1,0,obstacle_collision,,,260.99999999999983,572.7870459429054,
671,1,0,boundary_collision,,,87.00000000000003,654.3768027673352,
672,1,0,boundary_collision,,,87.00000000000007,613.6855872513221,
673,0,1,success,,,633.000000000001,636.8775392491087,0.9939116407627133
674,0,1,success,,,681.0000000000002,609.8934333143783,1.1165885100601978
675,1,0,obstacle_collision,,,629.9999999999998,569.3794868099833,
676,1,0,boundary_collision,,,327.00000000000006,650.275326304174,
677,1,0,boundary_collision,,,117.00000000000006,634.6975657744404,
678,1,0,boundary_collision,,,132.0000000000001,608.0304268702348,
679,1,0,boundary_collision,,,68.99999999999996,760.9848881548174,
680,1,0,boundary_collision,,,128.99999999999977,692.0065028596191,
681,0,1,success,,,627.000000000001,543.0147327651433,1.1546648040416645
682,0,1,success,,,656.9999999999994,664.4591785805957,0.9887740604373464
683,1,0,boundary_collision,,,108.0,594.3483826847685,
684,1,0,obstacle_collision,,,495.0000000000001,608.5203365541697,
685,1,0,obstacle_collision,,,642.0000000000002,611.9191123016178,
686,1,0,obstacle_collision,,,621.0000000000011,593.90571642307,
687,0,1,success,,,746.9999999999999,727.1382261991182,1.027314990582606
688,1,0,boundary_collision,,,59.999999999999886,767.6066701117181,
689,1,0,obstacle_collision,,,543.0000000000003,632.3740981412822,
690,1,0,obstacle_collision,,,569.9999999999991,707.5711978310027,
691,1,0,obstacle_collision,,,384.0000000000001,740.249957784531,
692,1,0,obstacle_collision,,,303.00000000000006,646.2793513644081,
693,1,0,obstacle_collision,,,165.00000000000014,713.8270098560295,
694,0,1,success,,,642.0000000000005,622.8274239305781,1.0307831276092931
695,1,0,obstacle_collision,,,194.99999999999994,591.0414537069291,
696,0,1,success,,,783.0000000000009,717.5137629342032,1.0912682661277437
697,0,1,success,,,605.9999999999999,615.9780840257224,0.9838012353288436
698,1,0,obstacle_collision,,,264.0,603.1193911656298,
699,1,0,boundary_collision,,,371.9999999999999,684.9525531013079,
700,1,0,boundary_collision,,,239.9999999999997,650.0492289050114,
701,1,0,obstacle_collision,,,426.00000000000006,569.0869880782726,
702,0,1,success,,,887.9999999999995,667.026985960838,1.3312804709405492
703,1,0,obstacle_collision,,,131.9999999999998,638.5992483553359,
704,0,1,success,,,720.000000000001,671.6725392629953,1.0719509253572193
705,1,0,boundary_collision,,,95.99999999999976,596.158535961702,
706,1,0,obstacle_collision,,,587.9999999999997,604.8842864548558,
707,1,0,boundary_collision,,,146.9999999999999,614.1172526480591,
708,0,1,success,,,680.9999999999998,658.0828215354052,1.034824155432481
709,1,0,boundary_collision,,,102.00000000000003,757.3037699628861,
710,1,0,obstacle_collision,,,747.0000000000007,651.5519933205638,
711,0,1,success,,,827.9999999999999,706.2556194466703,1.1723800522093015
712,1,0,obstacle_collision,,,353.9999999999997,552.2771043597588,
713,1,0,obstacle_collision,,,249.00000000000006,612.6507977632936,
714,1,0,obstacle_collision,,,333.0,607.3631533110977,
715,1,0,obstacle_collision,,,390.00000000000006,574.0034843099822,
716,1,0,boundary_collision,,,86.99999999999997,663.1274387325561,
717,1,0,obstacle_collision,,,750.0000000000003,693.7759004174186,
718,1,0,obstacle_collision,,,113.99999999999996,665.5801980227477,
719,0,1,success,,,782.9999999999995,587.4708503406786,1.3328320878319873
720,1,0,boundary_collision,,,47.99999999999992,664.2665127793211,
721,1,0,obstacle_collision,,,237.00000000000026,593.407954109144,
722,1,0,obstacle_collision,,,78.00000000000003,624.3204305482882,
723,0,1,success,,,735.0000000000003,554.7332692384692,1.3249610952827815
724,1,0,boundary_collision,,,87.00000000000027,627.5770868984941,
725,1,0,boundary_collision,,,123.00000000000001,586.584179807127,
726,1,0,boundary_collision,,,152.99999999999997,638.2993028352765,
727,0,1,success,,,635.9999999999995,606.5129841973707,1.0486172869681438
728,1,0,obstacle_collision,,,498.0000000000002,621.1811330038928,
729,0,1,success,,,582.0000000000001,562.4917777176836,1.034681791014744
730,1,0,obstacle_collision,,,810.0000000000001,592.5748897818739,
731,0,1,success,,,770.9999999999991,648.475134450042,1.1889430435198842
732,1,0,boundary_collision,,,125.99999999999994,682.2646114228702,
733,1,0,obstacle_collision,,,122.99999999999966,606.7462402026073,
734,1,0,obstacle_collision,,,456.0,730.208874227094,
735,1,0,obstacle_collision,,,198.00000000000003,545.6390748471007,
736,1,0,boundary_collision,,,60.00000000000003,680.5123070158246,
737,1,0,boundary_collision,,,68.99999999999999,573.5093721989206,
738,1,0,obstacle_collision,,,524.9999999999998,543.7223556191155,
739,1,0,obstacle_collision,,,263.9999999999999,661.2972100349434,
740,1,0,boundary_collision,,,71.99999999999999,663.3015905302806,
741,0,1,success,,,572.9999999999999,572.689270023457,1.0005425804058283
742,1,0,obstacle_collision,,,267.0,723.1051099252445,
743,1,0,obstacle_collision,,,497.99999999999994,602.9593684486542,
744,1,0,boundary_collision,,,231.00000000000006,620.7519633476804,
745,1,0,obstacle_collision,,,192.00000000000023,590.6606470724116,
746,1,0,obstacle_collision,,,447.00000000000034,719.9222180208081,
747,1,0,boundary_collision,,,53.99999999999989,637.0031397096877,
748,1,0,obstacle_collision,,,233.99999999999986,605.8159786601868,
749,0,1,success,,,777.0000000000007,693.1233656427981,1.1210125621424059
750,1,0,boundary_collision,,,135.0,701.5561274766261,
751,1,0,obstacle_collision,,,566.9999999999999,717.7917525299382,
752,1,0,obstacle_collision,,,542.9999999999998,618.9539562843104,
753,1,0,boundary_collision,,,132.0,576.584772605035,
754,1,0,obstacle_collision,,,468.00000000000006,633.6244944760264,
755,1,0,boundary_collision,,,185.99999999999972,634.6794466500393,
756,0,1,success,,,657.0000000000002,549.7381194714443,1.195114504032729
757,0,1,success,,,741.0000000000001,544.9293532192958,1.359809295686444
758,1,0,boundary_collision,,,221.99999999999986,612.6279458202996,
759,0,1,success,,,741.0,564.6946077305856,1.3122136989725413
760,1,0,obstacle_collision,,,117.00000000000004,671.0901578774643,
761,1,0,obstacle_collision,,,117.00000000000006,609.1732101791739,
762,1,0,boundary_collision,,,134.9999999999998,632.5820104935011,
763,0,1,success,,,624.0000000000002,635.0511790399258,0.9825979709908848
764,1,0,boundary_collision,,,114.00000000000018,574.3561612797412,
765,0,1,success,,,558.0000000000002,574.8191019790487,0.970740182570235
766,0,1,success,,,672.0,579.0069084216526,1.160607913698029
767,1,0,obstacle_collision,,,632.9999999999992,654.450150890043,
768,1,0,obstacle_collision,,,575.9999999999997,569.8991138789391,
769,0,1,success,,,615.0000000000013,577.1698190307598,1.0655442812875588
770,1,0,boundary_collision,,,63.00000000000037,611.3370592398272,
771,1,0,boundary_collision,,,77.9999999999999,608.6912189279553,
772,1,0,obstacle_collision,,,416.9999999999999,603.1948275640301,
773,0,1,success,,,842.9999999999997,624.771958397622,1.3492923116493192
774,1,0,obstacle_collision,,,318.0000000000002,678.2388959651312,
775,1,0,obstacle_collision,,,498.0,668.2521979013612,
776,1,0,boundary_collision,,,137.99999999999994,594.0117843948889,
777,1,0,obstacle_collision,,,567.0000000000006,686.0502897018556,
778,1,0,obstacle_collision,,,398.9999999999999,647.7437765042595,
779,0,1,success,,,545.9999999999999,565.0238933000975,0.9663308162262201
780,1,0,boundary_collision,,,57.0,674.641386219375,
781,1,0,obstacle_collision,,,105.0,614.5388514976088,
782,1,0,obstacle_collision,,,248.99999999999986,620.539281593035,
783,1,0,obstacle_collision,,,408.00000000000017,709.2820313528322,
784,1,0,boundary_collision,,,96.0000000000001,631.6771327189231,
785,1,0,obstacle_collision,,,177.00000000000006,511.0772935672255,
786,1,0,obstacle_collision,,,269.9999999999997,719.8090024443984,
787,1,0,boundary_collision,,,96.0,682.55109698835,
788,1,0,obstacle_collision,,,345.0000000000003,633.2850858815483,
789,0,1,success,,,720.0,646.1772202732003,1.1142454073134733
790,1,0,obstacle_collision,,,122.99999999999994,670.4841534294453,
791,1,0,boundary_collision,,,119.9999999999997,591.4702021234882,
792,1,0,obstacle_collision,,,270.0,699.4983917065142,
793,1,0,obstacle_collision,,,396.0000000000004,568.1478680766126,
794,1,0,boundary_collision,,,114.0,738.4558212919713,
795,1,0,obstacle_collision,,,111.00000000000003,638.7620840344235,
796,1,0,obstacle_collision,,,147.0,590.013559166228,
797,0,1,success,,,713.9999999999998,634.2554690343632,1.1257293549033887
798,1,0,boundary_collision,,,72.00000000000004,695.3279801647565,
799,1,0,obstacle_collision,,,614.9999999999999,590.2245335463446,
800,1,0,obstacle_collision,,,152.99999999999991,684.1871089110055,
801,1,0,boundary_collision,,,150.00000000000003,631.8108894281579,
802,1,0,obstacle_collision,,,440.9999999999994,597.141524263721,
803,1,0,obstacle_collision,,,768.0000000000002,569.9438568841672,
804,1,0,obstacle_collision,,,99.00000000000009,544.016543866085,
805,0,1,success,,,882.0000000000002,682.2374953049707,1.292804933867982
806,1,0,obstacle_collision,,,360.00000000000006,576.0425331518499,
807,1,0,boundary_collision,,,105.00000000000006,716.4977320271154,
808,1,0,boundary_collision,,,144.00000000000003,639.2941420035069,
809,1,0,boundary_collision,,,39.000000000000036,696.1501274868805,
810,1,0,obstacle_collision,,,74.99999999999982,660.1939109079998,
811,1,0,boundary_collision,,,117.0000000000003,698.0866708367952,
812,1,0,boundary_collision,,,104.99999999999997,591.3053356769242,
813,1,0,obstacle_collision,,,210.00000000000003,661.4295124954737,
814,1,0,boundary_collision,,,153.0,767.8131283066213,
815,0,1,success,,,627.0,629.7563020724763,0.9956232243116814
816,1,0,boundary_collision,,,53.99999999999995,773.6336342222977,
817,1,0,obstacle_collision,,,192.00000000000006,637.7726867779774,
818,1,0,obstacle_collision,,,462.0,629.5244236723465,
819,1,0,boundary_collision,,,891.0,560.5149418168975,
820,1,0,obstacle_collision,,,236.99999999999972,604.4170745437293,
821,1,0,boundary_collision,,,74.99999999999982,703.9495720575445,
822,1,0,obstacle_collision,,,92.99999999999993,677.6673225115699,
823,0,1,success,,,875.9999999999999,632.5820104935011,1.3848006827076844
824,1,0,boundary_collision,,,176.9999999999999,606.4462053636745,
825,0,1,success,,,609.0,601.5953789716141,1.012308307688539
826,0,1,success,,,680.9999999999992,629.6681665766502,1.0815220399380003
827,1,0,boundary_collision,,,750.0,637.1946327457568,
828,0,1,success,,,630.0000000000003,625.3742879268383,1.0073967097184258
829,0,1,success,,,527.9999999999995,517.8725711987457,1.0195558316166684
830,1,0,obstacle_collision,,,62.99999999999997,667.1761386620477,
831,1,0,boundary_collision,,,168.00000000000023,615.5225422354571,
832,0,1,success,,,768.0000000000002,644.3423003342245,1.1919130555321815
833,1,0,boundary_collision,,,857.9999999999993,581.455071351175,
834,1,0,boundary_collision,,,99.00000000000003,595.8296736484346,
835,1,0,boundary_collision,,,165.00000000000003,549.7090139337357,
836,1,0,obstacle_collision,,,495.00000000000006,654.187282053083,
837,1,0,boundary_collision,,,51.00000000000002,649.4189710810733,
838,1,0,boundary_collision,,,84.0000000000004,609.1017977317092,
839,1,0,obstacle_collision,,,113.99999999999989,606.8648943545837,
840,1,0,boundary_collision,,,75.00000000000001,659.0553846225672,
841,1,0,obstacle_collision,,,192.0000000000001,597.8795865389619,
842,1,0,obstacle_collision,,,264.0000000000002,662.0045317065435,
843,1,0,obstacle_collision,,,387.0000000000001,539.8082993063371,
844,1,0,obstacle_collision,,,504.0000000000004,734.3248599904541,
845,1,0,boundary_collision,,,101.99999999999984,625.1919705178562,
846,0,1,success,,,828.0000000000008,718.9228053136164,1.1517230972229369
847,1,0,boundary_collision,,,66.0,640.0382801051825,
848,1,0,obstacle_collision,,,461.99999999999994,633.7420610942594,
849,1,0,obstacle_collision,,,693.000000000001,734.4004357297182,
850,1,0,obstacle_collision,,,185.9999999999999,673.5131773024192,
851,0,1,success,,,624.0,607.3755016462221,1.0273710386881247
852,0,1,success,,,729.0000000000002,687.0007278016524,1.061134247022914
853,1,0,obstacle_collision,,,485.9999999999997,630.6131936456769,
854,0,1,success,,,651.0000000000001,659.4004852894786,0.9872604199164478
855,1,0,boundary_collision,,,885.0,588.102882155835,
856,1,0,boundary_collision,,,69.0000000000002,635.7082664241515,
857,1,0,obstacle_collision,,,215.99999999999977,566.0008833915367,
858,1,0,boundary_collision,,,911.9999999999993,693.3693099640335,
859,1,0,obstacle_collision,,,743.9999999999998,584.5836124969635,
860,1,0,obstacle_collision,,,132.0,651.4115442636859,
861,0,1,success,,,540.0000000000002,532.542017121654,1.0140044966191701
862,1,0,obstacle_collision,,,170.99999999999997,630.4062182434434,
863,1,0,obstacle_collision,,,960.0000000000005,709.3045890165945,
864,0,1,success,,,714.0000000000001,705.1595564125895,1.0125367989514107
865,1,0,obstacle_collision,,,120.00000000000018,550.9065256465927,
866,1,0,obstacle_collision,,,399.0,656.7929658575829,
867,0,1,success,,,776.9999999999999,672.1800354071817,1.155940312225016
868,1,0,boundary_collision,,,89.99999999999997,635.5666762818831,
869,0,1,success,,,701.9999999999994,634.0386423554955,1.107188037296943
870,1,0,boundary_collision,,,138.00000000000009,563.5645482107617,
871,1,0,obstacle_collision,,,759.0000000000001,664.9909773824003,
872,1,0,obstacle_collision,,,83.99999999999974,603.3324125223176,
873,1,0,obstacle_collision,,,227.9999999999999,622.434735534578,
874,1,0,obstacle_collision,,,143.99999999999997,786.3822225864468,
875,1,0,boundary_collision,,,137.99999999999994,623.2856487999703,
876,1,0,boundary_collision,,,101.99999999999989,684.2294936642237,
877,1,0,obstacle_collision,,,203.99999999999997,670.7615075419877,
878,1,0,obstacle_collision,,,458.9999999999999,561.5380663855301,
879,1,0,obstacle_collision,,,321.00000000000017,655.8818491161346,
880,1,0,boundary_collision,,,41.99999999999994,666.2379454819427,
881,1,0,obstacle_collision,,,264.00000000000006,634.4336056672912,
882,1,0,boundary_collision,,,177.0,647.1908528401804,
883,1,0,obstacle_collision,,,237.00000000000014,656.0647833865189,
884,1,0,obstacle_collision,,,303.00000000000006,643.5852701856996,
885,1,0,boundary_collision,,,60.0,660.1469533369067,
886,1,0,obstacle_collision,,,129.00000000000003,762.0400251955274,
887,1,0,boundary_collision,,,129.0,568.0184856146849,
888,1,0,boundary_collision,,,74.99999999999999,696.7869114729409,
889,1,0,obstacle_collision,,,675.0000000000006,765.2202297378187,
890,1,0,boundary_collision,,,218.99999999999963,694.0461079784253,
891,1,0,boundary_collision,,,57.0,538.2731648521966,
892,0,1,success,,,623.9999999999998,623.7026535136755,1.0004767439815256
893,1,0,obstacle_collision,,,458.99999999999994,621.5142798037709,
894,1,0,boundary_collision,,,78.00000000000021,545.9029217727269,
895,1,0,boundary_collision,,,197.99999999999983,612.0457499239742,
896,1,0,obstacle_collision,,,558.0000000000005,635.3896442341502,
897,1,0,obstacle_collision,,,885.0,619.9177364779944,
898,1,0,obstacle_collision,,,651.0000000000002,653.64363379444,
899,1,0,obstacle_collision,,,159.00000000000006,684.7729550734316,
900,1,0,obstacle_collision,,,318.00000000000017,582.6027806318813,
901,1,0,obstacle_collision,,,141.00000000000003,634.6881123827671,
902,1,0,obstacle_collision,,,399.00000000000017,567.9735909353533,
903,1,0,boundary_collision,,,156.00000000000003,652.6024823734583,
904,1,0,boundary_collision,,,44.99999999999999,644.3616996687497,
905,1,0,obstacle_collision,,,336.00000000000006,570.1341947296268,
906,0,1,success,,,705.0000000000008,665.2668637471733,1.0597251094531106
907,1,0,boundary_collision,,,108.0000000000001,602.0531537995628,
908,0,1,success,,,558.0000000000001,573.5642945651342,0.9728639060823431
909,1,0,obstacle_collision,,,650.9999999999991,661.5088812706902,
910,1,0,obstacle_collision,,,333.00000000000017,655.3319769399324,
911,1,0,obstacle_collision,,,150.00000000000009,610.1188408826595,
912,1,0,obstacle_collision,,,363.00000000000034,630.7535176279241,
913,1,0,boundary_collision,,,168.00000000000023,691.4195542505288,
914,1,0,boundary_collision,,,105.00000000000018,746.8768305416897,
915,1,0,obstacle_collision,,,341.99999999999983,599.1276992428242,
916,0,1,success,,,903.0,663.4606243026032,1.361045353594554
917,1,0,obstacle_collision,,,209.99999999999986,561.8941181397079,
918,0,1,success,,,686.9999999999999,690.8574382606009,0.9944164482468147
919,1,0,obstacle_collision,,,492.0,708.8949146382699,
920,1,0,obstacle_collision,,,203.99999999999997,610.2196325914138,
921,1,0,obstacle_collision,,,597.0000000000005,684.7167297503399,
922,1,0,obstacle_collision,,,722.9999999999997,740.3026408165784,
923,1,0,boundary_collision,,,153.00000000000034,607.6923563777974,
924,0,1,success,,,846.0,674.5405843980035,1.254186952672412
925,1,0,obstacle_collision,,,101.9999999999998,551.5668590479308,
926,1,0,boundary_collision,,,62.99999999999992,600.3332407921454,
927,1,0,obstacle_collision,,,468.0000000000003,615.8051639926382,
928,1,0,obstacle_collision,,,270.0,617.090755075783,
929,1,0,obstacle_collision,,,80.99999999999989,631.8623267769649,
930,1,0,obstacle_collision,,,224.99999999999997,573.2660813269873,
931,1,0,obstacle_collision,,,582.0000000000008,677.4215821775979,
932,1,0,obstacle_collision,,,153.0000000000003,623.0609921989982,
933,0,1,success,,,738.0000000000001,653.7354204875242,1.1288970688625615
934,1,0,boundary_collision,,,144.00000000000026,659.1100059929298,
935,1,0,obstacle_collision,,,105.00000000000018,751.9022542857549,
936,1,0,obstacle_collision,,,144.0,610.5735008989499,
937,1,0,obstacle_collision,,,221.99999999999994,649.3935632572901,
938,0,1,success,,,702.0000000000005,703.0917436579667,0.9984472244656348
939,1,0,obstacle_collision,,,572.9999999999994,704.8248009257336,
940,1,0,boundary_collision,,,159.0,627.0964838045259,
941,1,0,obstacle_collision,,,260.9999999999999,592.5883900313944,
942,1,0,obstacle_collision,,,215.99999999999974,683.061490643412,
943,1,0,boundary_collision,,,60.000000000000036,751.3188404399293,
944,1,0,obstacle_collision,,,551.9999999999997,635.9685526816558,
945,0,1,success,,,659.9999999999993,628.6660480732198,1.0498419662121312
946,1,0,obstacle_collision,,,237.00000000000017,710.8705930055062,
947,1,0,boundary_collision,,,47.99999999999998,696.7617957379696,
948,1,0,obstacle_collision,,,737.9999999999999,607.1260165731658,
949,1,0,boundary_collision,,,78.00000000000003,601.7258511980352,
950,1,0,boundary_collision,,,39.00000000000001,658.2400777831748,
951,1,0,obstacle_collision,,,692.999999999999,784.128815947992,
952,0,1,success,,,611.9999999999992,601.6120012100822,1.017266940767509
953,1,0,obstacle_collision,,,87.00000000000017,548.7604213133451,
954,1,0,obstacle_collision,,,146.99999999999997,747.7673434966252,
955,1,0,boundary_collision,,,168.00000000000003,548.6292008269337,
956,1,0,obstacle_collision,,,102.00000000000004,574.0426813399854,
957,1,0,obstacle_collision,,,461.99999999999955,673.1158889819791,
958,1,0,obstacle_collision,,,348.0000000000001,572.5460680154916,
959,1,0,boundary_collision,,,39.00000000000002,726.5789702434279,
960,0,1,success,,,720.0,675.5005551441094,1.0658762520874572
961,1,0,boundary_collision,,,165.00000000000023,654.1444794538894,
962,1,0,obstacle_collision,,,443.9999999999997,608.185004747733,
963,0,1,success,,,573.0000000000001,576.7642499323272,0.9934735033720126
964,1,0,obstacle_collision,,,128.9999999999996,702.8684087366568,
965,1,0,boundary_collision,,,167.99999999999997,723.7789717862768,
966,1,0,boundary_collision,,,194.99999999999977,591.358605247273,
967,1,0,boundary_collision,,,72.00000000000001,594.1725338653748,
968,1,0,boundary_collision,,,108.00000000000006,716.0733202682529,
969,1,0,boundary_collision,,,176.99999999999994,534.1610244111788,
970,1,0,obstacle_collision,,,134.99999999999957,632.1550442731593,
971,1,0,boundary_collision,,,75.0,600.7503641280628,
972,0,1,success,,,603.0000000000005,616.7090075554272,0.9777707032206845
973,1,0,obstacle_collision,,,71.99999999999999,680.7525247841538,
974,0,1,success,,,755.9999999999999,701.9095383309732,1.077061870106004
975,0,1,success,,,591.0000000000006,585.8754133772811,1.0087468879999226
976,0,1,success,,,633.0000000000005,644.012422240441,0.9829002953046625
977,1,0,boundary_collision,,,161.9999999999999,638.2491676453641,
978,0,1,success,,,605.9999999999993,610.8166664392844,0.9921143827535625
979,1,0,obstacle_collision,,,222.0000000000003,609.7384685256459,
980,1,0,boundary_collision,,,99.0,684.1118329630032,
981,1,0,boundary_collision,,,152.99999999999966,632.3685634185179,
982,1,0,obstacle_collision,,,186.00000000000017,602.1868480795641,
983,0,1,success,,,602.9999999999998,611.7098985630362,0.9857613901892109
984,0,1,success,,,563.9999999999998,553.4419572096066,1.019077055241033
985,1,0,boundary_collision,,,195.0000000000002,521.6991470186624,
986,1,0,boundary_collision,,,516.0000000000001,627.7778269419844,
987,0,1,success,,,687.0,633.145322970959,1.085058951041973
988,1,0,obstacle_collision,,,291.0000000000001,676.5123797832528,
989,0,1,success,,,609.0000000000007,580.5040912861855,1.0490882134020427
990,1,0,obstacle_collision,,,789.0000000000001,663.7838503609439,
991,1,0,boundary_collision,,,189.00000000000028,646.6938997702081,
992,1,0,boundary_collision,,,117.0,590.3710697518976,
993,1,0,obstacle_collision,,,255.00000000000026,568.0035211158466,
994,1,0,obstacle_collision,,,498.0000000000001,579.2313872710973,
995,1,0,obstacle_collision,,,246.0000000000001,684.8277155606364,
996,0,1,success,,,896.9999999999998,706.5330848587347,1.2695796123678302
997,1,0,boundary_collision,,,102.0,598.5916805302259,
998,1,0,obstacle_collision,,,153.00000000000003,632.8072376324404,
999,1,0,boundary_collision,,,56.99999999999998,743.080076438603,
1000,1,0,obstacle_collision,,,194.9999999999999,551.4000362713082,
1001,1,0,boundary_collision,,,128.9999999999999,548.8943432027697,
1002,0,1,success,,,719.9999999999995,685.5450386371416,1.0502592235680885
1003,1,0,obstacle_collision,,,653.9999999999993,649.4366789764804,
1004,1,0,boundary_collision,,,65.99999999999996,660.6814663663572,
1005,1,0,obstacle_collision,,,320.9999999999997,578.9801378285787,
1006,1,0,obstacle_collision,,,614.9999999999998,687.2554110372649,
1007,1,0,obstacle_collision,,,513.0000000000006,571.1260806511991,
1008,1,0,obstacle_collision,,,368.9999999999997,612.1601097752123,
1009,1,0,obstacle_collision,,,162.0000000000001,634.7164721353937,
1010,1,0,boundary_collision,,,74.99999999999999,649.3458246574008,
1011,1,0,boundary_collision,,,128.9999999999999,593.1778822579278,
1012,1,0,obstacle_collision,,,338.9999999999999,581.1041214791029,
1013,0,1,success,,,672.0000000000005,607.1614282874036,1.1067896751865223
1014,0,1,success,,,627.0000000000001,632.386748754273,0.9914818759803489
1015,1,0,obstacle_collision,,,545.9999999999998,623.2383171789103,
1016,1,0,obstacle_collision,,,71.99999999999991,670.3431956841212,
1017,1,0,obstacle_collision,,,513.0,615.4356180787719,
1018,1,0,boundary_collision,,,84.00000000000003,587.0689908349784,
1019,1,0,boundary_collision,,,135.00000000000023,599.801633875734,
1020,1,0,boundary_collision,,,260.99999999999983,541.4794548272354,
1021,1,0,boundary_collision,,,126.00000000000006,605.7829644352836,
1022,1,0,boundary_collision,,,86.99999999999972,642.2086888231893,
1023,1,0,obstacle_collision,,,435.00000000000006,608.4011834308017,
1024,1,0,obstacle_collision,,,678.0000000000001,690.0528965231579,
1025,1,0,boundary_collision,,,81.00000000000021,606.4857788934544,
1026,0,1,success,,,926.9999999999997,698.5878613317011,1.326962650385711
1027,1,0,boundary_collision,,,38.99999999999999,778.0501269198534,
1028,0,1,success,,,609.0000000000005,605.4585039455635,1.0058492795647567
1029,1,0,obstacle_collision,,,305.99999999999966,568.1487481285161,
1030,1,0,obstacle_collision,,,255.0,660.878960173495,
1031,1,0,boundary_collision,,,51.00000000000018,700.8123857352979,
1032,1,0,obstacle_collision,,,230.99999999999994,532.3758071137343,
1033,1,0,obstacle_collision,,,299.9999999999999,630.0285707807226,
1034,0,1,success,,,609.0000000000003,624.0657016693034,0.9758587891803635
1035,1,0,obstacle_collision,,,665.9999999999998,628.0286617663241,
1036,1,0,boundary_collision,,,66.00000000000001,726.3070975833845,
1037,0,1,success,,,695.9999999999994,565.442304749123,1.230894813059314
1038,1,0,obstacle_collision,,,644.9999999999989,676.06212732263,
1039,1,0,obstacle_collision,,,546.0,661.9131362950882,
1040,1,0,obstacle_collision,,,279.00000000000006,632.9936808531346,
1041,1,0,obstacle_collision,,,84.0,688.354559801851,
1042,1,0,obstacle_collision,,,92.99999999999986,581.4163740384338,
1043,0,1,success,,,717.0000000000001,679.45934389042,1.0552507761459742
1044,0,1,success,,,593.9999999999998,588.1802444829306,1.0098945103506245
1045,1,0,boundary_collision,,,48.0,773.8559297440319,
1046,1,0,obstacle_collision,,,431.99999999999983,657.4382100243338,
1047,1,0,obstacle_collision,,,221.9999999999999,578.4263133710291,
1048,1,0,boundary_collision,,,269.99999999999983,593.7415262553227,
1049,0,1,success,,,666.0000000000005,660.7669785938157,1.0079196170143387
1050,0,1,success,,,686.9999999999997,619.3302834514069,1.1092627283966845
1051,1,0,boundary_collision,,,143.99999999999983,546.1254434651438,
1052,1,0,obstacle_collision,,,60.00000000000002,594.9495776954548,
1053,1,0,obstacle_collision,,,150.00000000000009,687.8175630208929,
1054,1,0,boundary_collision,,,84.00000000000009,710.8002532357456,
1055,1,0,boundary_collision,,,224.99999999999994,623.4244140230634,
1056,1,0,boundary_collision,,,134.9999999999999,611.4785360092372,
1057,1,0,boundary_collision,,,156.00000000000003,649.9699993076604,
1058,1,0,obstacle_collision,,,378.00000000000017,745.1073748125166,
1059,0,1,success,,,1335.0,623.0609921989982,2.142647375962861
1060,1,0,obstacle_collision,,,542.9999999999993,551.0036297521098,
1061,1,0,obstacle_collision,,,567.0,705.6493463470366,
1062,0,1,success,,,593.9999999999997,565.7437582510302,1.0499453000353416
1063,1,0,boundary_collision,,,93.00000000000017,657.6108271614755,
1064,0,1,success,,,794.9999999999998,596.4235072496724,1.3329454495615647
1065,0,1,success,,,614.9999999999994,549.3159382359117,1.1195742872035122
1066,0,1,success,,,614.9999999999995,610.7970202939762,1.0068811398326738
1067,1,0,obstacle_collision,,,267.00000000000006,631.0126781610652,
1068,1,0,obstacle_collision,,,378.00000000000006,585.2016746387523,
1069,1,0,obstacle_collision,,,717.0000000000007,666.3227446215535,
1070,1,0,obstacle_collision,,,669.0000000000001,697.2818655321533,
1071,1,0,obstacle_collision,,,165.00000000000003,641.5177316333509,
1072,1,0,obstacle_collision,,,189.00000000000009,671.2413872818034,
1073,1,0,obstacle_collision,,,639.0000000000001,699.0886925133319,
1074,1,0,obstacle_collision,,,327.00000000000034,631.0641805711999,
1075,1,0,boundary_collision,,,74.99999999999994,689.9079648764754,
1076,1,0,obstacle_collision,,,665.9999999999998,651.1505202332254,
1077,1,0,obstacle_collision,,,284.99999999999955,633.0284353802758,
1078,0,1,success,,,762.0000000000002,687.1768331368571,1.1088848797791782
1079,1,0,obstacle_collision,,,429.0,691.0463081443963,
1080,1,0,obstacle_collision,,,146.99999999999997,648.2669203345177,
1081,1,0,obstacle_collision,,,710.9999999999997,660.2923594893401,
1082,1,0,obstacle_collision,,,135.0000000000001,691.6010410634154,
1083,1,0,boundary_collision,,,68.99999999999999,726.4275600498648,
1084,1,0,obstacle_collision,,,156.0,616.5971131946694,
1085,1,0,obstacle_collision,,,368.99999999999994,699.9321395678298,
1086,1,0,boundary_collision,,,135.00000000000003,591.0338399787274,
1087,1,0,obstacle_collision,,,351.0000000000001,573.0488635360863,
1088,1,0,obstacle_collision,,,365.9999999999999,613.4044342845917,
1089,0,1,success,,,548.9999999999995,563.848383876375,0.9736659990504983
1090,1,0,obstacle_collision,,,162.00000000000009,642.7254468278038,
1091,1,0,obstacle_collision,,,212.99999999999994,591.2444502910788,
1092,0,1,success,,,564.0000000000002,574.9434754825904,0.9809659976167143
1093,0,1,success,,,734.9999999999997,667.8338116627519,1.100573207232529
1094,1,0,boundary_collision,,,267.0000000000001,604.4609168507092,
1095,1,0,boundary_collision,,,116.99999999999996,816.8537200747757,
1096,1,0,obstacle_collision,,,420.00000000000017,559.3576673292322,
1097,0,1,success,,,575.9999999999987,580.7073273172984,0.991893804166298
1098,1,0,obstacle_collision,,,696.0,682.1297530528924,
1099,0,1,success,,,809.9999999999999,675.5331228000593,1.199052974105223
1100,1,0,obstacle_collision,,,236.9999999999999,547.768199149969,
1101,1,0,boundary_collision,,,77.99999999999997,660.0886304126136,
1102,1,0,boundary_collision,,,44.99999999999995,630.3173803727769,
1103,1,0,boundary_collision,,,50.99999999999984,612.213198158942,
1104,0,1,success,,,620.9999999999998,634.7353779331983,0.9783604657772139
1105,1,0,boundary_collision,,,80.99999999999997,709.5047568550897,
1106,0,1,success,,,837.0000000000001,716.5535569655627,1.1680913336673675
1107,0,1,success,,,591.0,603.7391820977002,0.9788995273531234
1108,1,0,obstacle_collision,,,381.00000000000017,643.5347698454218,
1109,0,1,success,,,626.9999999999993,625.0967925049688,1.0030446604715468
1110,1,0,obstacle_collision,,,264.00000000000006,554.6097727231282,
1111,1,0,obstacle_collision,,,342.00000000000045,607.8322136905874,
1112,1,0,obstacle_collision,,,221.99999999999986,649.5667787071626,
1113,0,1,success,,,789.0000000000002,699.9892856322874,1.1271601097255526
1114,1,0,obstacle_collision,,,242.99999999999986,638.1614215854794,
1115,1,0,boundary_collision,,,90.0,672.5548304785268,
1116,1,0,boundary_collision,,,65.99999999999999,646.6506011750085,
1117,1,0,obstacle_collision,,,188.99999999999983,533.1885220069914,
1118,1,0,obstacle_collision,,,642.0,685.0350356003698,
1119,1,0,obstacle_collision,,,252.0000000000003,633.0284353802758,
1120,1,0,boundary_collision,,,117.00000000000009,627.8925067238819,
1121,1,0,obstacle_collision,,,335.99999999999943,711.083680026479,
1122,1,0,boundary_collision,,,83.99999999999997,588.7147017019364,
1123,0,1,success,,,773.9999999999998,605.2602745926747,1.278788700482421
1124,0,1,success,,,605.9999999999998,618.876401230488,0.9791939049463082
1125,0,1,success,,,714.0,628.0549339030782,1.1368432305161777
1126,1,0,obstacle_collision,,,513.0,650.1207580134633,
1127,1,0,obstacle_collision,,,140.99999999999991,590.7165140742215,
1128,0,1,success,,,659.9999999999999,653.6543429060958,1.0097079705241332
1129,1,0,obstacle_collision,,,465.0000000000005,619.1671825928761,
1130,0,1,success,,,828.0,537.0456218981773,1.541768457349024
1131,1,0,obstacle_collision,,,350.99999999999943,713.830512096534,
1132,1,0,boundary_collision,,,69.0,679.3320248597147,
1133,1,0,obstacle_collision,,,348.0000000000003,653.3192175345831,
1134,1,0,obstacle_collision,,,153.00000000000009,659.0819372430108,
1135,1,0,obstacle_collision,,,729.0000000000001,640.5692780644417,
1136,1,0,boundary_collision,,,728.9999999999999,605.33709617039,
1137,0,1,success,,,633.0000000000002,622.0032154257725,1.0176796265702586
1138,0,1,success,,,671.9999999999997,613.4533397088975,1.0954378377316918
1139,1,0,boundary_collision,,,825.0000000000006,627.739595692354,
1140,0,1,success,,,824.9999999999998,781.4985604593268,1.0556641326570135
1141,1,0,obstacle_collision,,,125.99999999999994,586.8057600262629,
1142,1,0,obstacle_collision,,,182.99999999999997,519.0472040190565,
1143,0,1,success,,,659.9999999999991,609.9155679272337,1.0821169924272875
1144,1,0,obstacle_collision,,,222.0,659.2002730581959,
1145,0,1,success,,,575.9999999999999,540.707869371253,1.06527023671726
1146,0,1,success,,,780.0000000000006,681.5049522930849,1.1445257989329436
1147,1,0,obstacle_collision,,,135.0000000000002,580.4524097632811,
1148,0,1,success,,,638.9999999999984,601.1256108335429,1.0630057819595102
1149,0,1,success,,,639.0000000000005,639.312912430212,0.9995105488656219
1150,1,0,obstacle_collision,,,338.9999999999998,624.5006004800956,
1151,0,1,success,,,729.0000000000008,649.9846152025447,1.1215650077699666
1152,1,0,obstacle_collision,,,281.99999999999955,611.3370592398272,
1153,0,1,success,,,566.9999999999999,564.4156269984027,1.0045788473564083
1154,0,1,success,,,608.9999999999972,613.4696406506193,0.9927141616235778
1155,1,0,obstacle_collision,,,494.9999999999998,595.0134452262403,
1156,1,0,obstacle_collision,,,599.9999999999999,631.6771327189231,
1157,1,0,boundary_collision,,,63.000000000000064,618.1084047317266,
1158,1,0,obstacle_collision,,,686.9999999999999,690.3194912502471,
1159,1,0,obstacle_collision,,,261.0000000000002,614.1343501221862,
1160,0,1,success,,,723.0000000000002,633.0955694048096,1.1420076761549798
1161,0,1,success,,,594.0000000000002,573.2896301172733,1.0361254918887863
1162,1,0,obstacle_collision,,,203.9999999999999,625.6932155617479,
1163,0,1,success,,,617.9999999999986,622.5568247156239,0.9926804678147947
1164,1,0,obstacle_collision,,,461.9999999999999,669.215959164155,
1165,0,1,success,,,741.0,709.0740440884858,1.0450248548479235
1166,0,1,success,,,741.0000000000005,671.3337471034806,1.1037729046053473
1167,1,0,obstacle_collision,,,255.00000000000006,603.732556683835,
1168,0,1,success,,,695.9999999999999,558.9168095521909,1.2452658215050667
1169,0,1,success,,,680.9999999999995,640.6137681942217,1.063043028125386
1170,1,0,obstacle_collision,,,144.00000000000026,636.1273457414011,
1171,1,0,obstacle_collision,,,156.00000000000014,569.4778309995921,
1172,1,0,boundary_collision,,,842.9999999999997,620.987117418711,
1173,1,0,obstacle_collision,,,59.99999999999998,682.4954212300622,
1174,1,0,obstacle_collision,,,128.99999999999991,695.0,
1175,1,0,obstacle_collision,,,261.00000000000017,675.7077770752679,
1176,1,0,obstacle_collision,,,306.0,592.0304046246274,
1177,0,1,success,,,681.0,640.7027391856539,1.0628954089779057
1178,1,0,obstacle_collision,,,279.0,592.0076013025508,
1179,1,0,obstacle_collision,,,401.99999999999966,598.1789030047784,
1180,0,1,success,,,578.9999999999999,567.6310421391698,1.0200287810511297
1181,1,0,boundary_collision,,,75.00000000000001,668.3569405639474,
1182,1,0,boundary_collision,,,165.00000000000048,614.0830562717066,
1183,1,0,obstacle_collision,,,582.0000000000005,652.5526798657714,
1184,1,0,boundary_collision,,,86.99999999999997,655.1289949315326,
1185,1,0,obstacle_collision,,,197.99999999999997,598.8472259266131,
1186,0,1,success,,,872.9999999999991,649.1995070854567,1.3447329988269425
1187,1,0,obstacle_collision,,,215.9999999999999,623.7756006770384,
1188,0,1,success,,,855.0,718.699519966446,1.189648770100636
1189,1,0,boundary_collision,,,96.00000000000014,735.2740985510097,
1190,0,1,success,,,666.0000000000002,596.000838925584,1.1174480915171265
1191,1,0,obstacle_collision,,,197.99999999999983,626.5660380199361,
1192,0,1,success,,,839.9999999999997,644.3423003342245,1.3036549044883228
1193,1,0,obstacle_collision,,,231.0000000000002,752.4307277085379,
1194,1,0,obstacle_collision,,,249.0,642.9090137803327,
1195,1,0,obstacle_collision,,,360.00000000000017,639.8320092024155,
1196,1,0,obstacle_collision,,,704.9999999999997,709.1861532771209,
1197,1,0,obstacle_collision,,,209.99999999999991,604.4245196879425,
1198,1,0,obstacle_collision,,,221.99999999999974,696.2944779330079,
1199,1,0,obstacle_collision,,,357.00000000000017,625.46382789095,
1200,1,0,boundary_collision,,,56.999999999999936,675.4568824136742,
1201,0,1,success,,,579.0000000000002,575.127811881846,1.0067327436409035
1202,1,0,obstacle_collision,,,639.0,561.1078327737014,
1203,0,1,success,,,771.0000000000006,632.8917758985339,1.218217757539021
1204,1,0,obstacle_collision,,,417.00000000000034,628.4051241038698,
1205,0,1,success,,,608.9999999999998,626.0990336999411,0.9726895702124082
1206,1,0,obstacle_collision,,,675.0000000000003,737.4747453303062,
1207,1,0,obstacle_collision,,,516.0000000000013,586.2431236270495,
1208,1,0,obstacle_collision,,,206.9999999999999,680.828906554356,
1209,1,0,obstacle_collision,,,462.00000000000017,612.3152782676584,
1210,0,1,success,,,768.0000000000002,703.9346560583589,1.091010356416278
1211,1,0,boundary_collision,,,137.99999999999997,618.169070724183,
1212,1,0,obstacle_collision,,,222.00000000000014,578.1504994376464,
1213,0,1,success,,,888.0000000000001,638.3134026479469,1.3911661517935643
1214,0,1,success,,,599.9999999999997,610.4825959845211,0.9828290010993413
1215,0,1,success,,,821.9999999999999,599.7932977284757,1.370472132838197
1216,1,0,obstacle_collision,,,306.00000000000034,667.0007496247662,
1217,1,0,boundary_collision,,,84.0,553.2820257337121,
1218,1,0,obstacle_collision,,,438.0,663.1477964978848,
1219,1,0,obstacle_collision,,,90.00000000000013,625.1799740874623,
1220,0,1,success,,,618.000000000001,617.3232540573861,1.001096258626525
1221,1,0,boundary_collision,,,630.0000000000001,565.3715592422385,
1222,1,0,boundary_collision,,,114.00000000000017,695.4379914845032,
1223,1,0,obstacle_collision,,,260.9999999999999,536.1828046478179,
1224,1,0,obstacle_collision,,,300.0000000000005,599.7707895521421,
1225,0,1,success,,,795.0000000000002,717.6517261178991,1.1077796806823175
1226,1,0,obstacle_collision,,,597.0000000000002,602.8540453542631,
1227,1,0,obstacle_collision,,,201.00000000000017,604.0504945780609,
1228,1,0,obstacle_collision,,,708.0,560.8921464952064,
1229,1,0,obstacle_collision,,,462.00000000000006,556.7566793492468,
1230,1,0,obstacle_collision,,,204.0000000000002,656.6924698822121,
1231,1,0,obstacle_collision,,,327.00000000000017,685.9190914386331,
1232,1,0,boundary_collision,,,54.00000000000001,662.1857745376293,
1233,1,0,obstacle_collision,,,162.00000000000003,631.5354305183519,
1234,0,1,success,,,767.9999999999999,574.9608682336564,1.3357430782365785
1235,1,0,obstacle_collision,,,102.00000000000007,725.1041304529991,
1236,1,0,obstacle_collision,,,225.00000000000023,550.0845389574224,
1237,0,1,success,,,933.0000000000001,734.9081575271838,1.2695463922177093
1238,1,0,obstacle_collision,,,621.0000000000001,712.3650749440205,
1239,1,0,obstacle_collision,,,404.9999999999998,658.6607624566686,
1240,1,0,obstacle_collision,,,360.0000000000002,641.5800807381726,
1241,1,0,boundary_collision,,,39.00000000000001,743.7694535270994,
1242,1,0,boundary_collision,,,93.00000000000003,600.4881347703716,
1243,1,0,obstacle_collision,,,143.99999999999997,662.145754347183,
1244,0,1,success,,,705.0000000000001,560.5443782609901,1.2577059503962258
1245,1,0,obstacle_collision,,,297.0000000000001,698.7653397242883,
1246,1,0,obstacle_collision,,,351.0000000000003,553.5648110203538,
1247,1,0,obstacle_collision,,,633.0,637.6715455467651,
1248,1,0,obstacle_collision,,,126.00000000000003,588.4632528884025,
1249,1,0,obstacle_collision,,,353.99999999999966,595.1243567524353,
1250,0,1,success,,,596.9999999999986,576.195279397532,1.0361070653411462
1251,1,0,obstacle_collision,,,522.0000000000003,626.5947653787094,
1252,1,0,boundary_collision,,,149.99999999999986,624.3108200247694,
1253,1,0,obstacle_collision,,,447.0,688.3349475364446,
1254,1,0,obstacle_collision,,,132.00000000000009,586.6123080877181,
1255,0,1,success,,,554.9999999999999,568.317692844416,0.9765664644755975
1256,0,1,success,,,705.0000000000008,594.5838881099958,1.18570316838047
1257,0,1,success,,,582.0,595.8061765373031,0.9768277384810918
1258,0,1,success,,,800.9999999999995,691.4166616447712,1.158491029265258
1259,0,1,success,,,705.0,658.7480550255917,1.0702118884777754
1260,0,1,success,,,659.9999999999999,652.4844825741069,1.011518308291783
1261,1,0,obstacle_collision,,,269.9999999999996,685.7288093700016,
1262,1,0,obstacle_collision,,,266.9999999999998,624.8303769824255,
1263,1,0,obstacle_collision,,,465.00000000000017,623.2792311636896,
1264,1,0,obstacle_collision,,,191.99999999999997,559.1940629155499,
1265,1,0,boundary_collision,,,102.00000000000001,599.0133554437664,
1266,0,1,success,,,684.0000000000005,685.006569311565,0.9985305698417225
1267,0,1,success,,,675.0000000000003,658.6083813617922,1.0248882630438372
1268,1,0,boundary_collision,,,48.00000000000001,616.7860244849911,
1269,1,0,obstacle_collision,,,318.0000000000001,580.2456376397844,
1270,1,0,boundary_collision,,,183.00000000000014,655.8810867832674,
1271,1,0,boundary_collision,,,59.99999999999999,755.8736666930527,
1272,1,0,obstacle_collision,,,413.99999999999994,640.0007812495231,
1273,1,0,boundary_collision,,,81.00000000000009,684.0884445742378,
1274,0,1,success,,,693.0000000000009,540.3794962801605,1.2824320774019784
1275,0,1,success,,,804.0,784.2123436927017,1.0252325233929909
1276,0,1,success,,,635.9999999999995,637.9529763234905,0.9969386829500414
1277,0,1,success,,,584.9999999999994,591.9974662107938,0.9881799051344202
1278,0,1,success,,,768.0000000000001,672.7614733321165,1.141563585970786
1279,1,0,obstacle_collision,,,302.99999999999994,647.5708455451032,
1280,0,1,success,,,627.0000000000002,610.7479021658609,1.0266101574422204
1281,0,1,success,,,834.0,664.5675285477015,1.2549514747170452
1282,1,0,obstacle_collision,,,264.0000000000001,565.8780787413486,
1283,1,0,obstacle_collision,,,122.99999999999994,659.2738429514703,
1284,1,0,obstacle_collision,,,164.9999999999999,635.9347450800278,
1285,1,0,obstacle_collision,,,204.00000000000006,689.5288246331694,
1286,1,0,obstacle_collision,,,189.0000000000001,567.2741841473133,
1287,0,1,success,,,657.0000000000002,587.1669268615186,1.1189322319493509
1288,1,0,obstacle_collision,,,131.99999999999986,595.7088214891568,
1289,0,1,success,,,603.0000000000002,569.72010671908,1.0584144615723208
1290,1,0,obstacle_collision,,,128.99999999999994,698.4303830733597,
1291,0,1,success,,,608.9999999999992,590.1813280679083,1.0318862543376255
1292,1,0,obstacle_collision,,,663.0000000000003,628.2396039728791,
1293,1,0,obstacle_collision,,,186.00000000000028,644.1777704950707,
1294,0,1,success,,,713.9999999999993,639.8406051510017,1.1159029205898805
1295,1,0,obstacle_collision,,,102.00000000000006,571.5470234372672,
1296,1,0,obstacle_collision,,,273.00000000000017,713.2776458014088,
1297,1,0,obstacle_collision,,,296.9999999999997,640.0781202322104,
1298,1,0,obstacle_collision,,,81.00000000000006,574.8364984932672,
1299,1,0,obstacle_collision,,,110.99999999999984,573.1849614217037,
1300,1,0,obstacle_collision,,,650.9999999999991,526.1606218637043,
1301,1,0,boundary_collision,,,57.000000000000014,639.862485226318,
1302,1,0,obstacle_collision,,,131.99999999999983,629.1335311362764,
1303,1,0,obstacle_collision,,,252.00000000000003,592.0008445939922,
1304,1,0,obstacle_collision,,,611.9999999999997,752.5875364367922,
1305,0,1,success,,,828.0000000000005,578.8903177632184,1.430322765112604
1306,0,1,success,,,720.0,626.2403691874231,1.1497182797944414
1307,1,0,obstacle_collision,,,498.0000000000003,667.0322331042181,
1308,1,0,obstacle_collision,,,176.99999999999994,606.9934101783972,
1309,1,0,boundary_collision,,,153.0000000000002,566.7177427961824,
1310,1,0,obstacle_collision,,,663.0000000000001,523.442451469118,
1311,0,1,success,,,612.0,604.5072373429452,1.0123948270495295
1312,1,0,obstacle_collision,,,267.0000000000001,639.9906249313344,
1313,1,0,obstacle_collision,,,189.0,616.6506304221216,
1314,1,0,obstacle_collision,,,267.00000000000017,653.7805442195416,
1315,0,1,success,,,587.9999999999998,605.5030966064501,0.9710932995973982
1316,1,0,obstacle_collision,,,338.9999999999998,632.4436733812744,
1317,1,0,boundary_collision,,,98.99999999999974,725.6472972457074,
1318,1,0,obstacle_collision,,,786.0000000000005,656.2088082310386,
1319,1,0,obstacle_collision,,,170.99999999999986,590.9424675888508,
1320,1,0,obstacle_collision,,,671.9999999999995,681.6685411547169,
1321,1,0,obstacle_collision,,,222.00000000000006,726.0096418092531,
1322,0,1,success,,,687.0000000000007,647.4758682761852,1.061043405106422
1323,1,0,obstacle_collision,,,347.9999999999999,694.7697460310142,
1324,1,0,obstacle_collision,,,738.0,660.5187355404842,
1325,1,0,obstacle_collision,,,399.00000000000034,551.0226855584078,
1326,1,0,obstacle_collision,,,140.99999999999994,629.6411676502736,
1327,1,0,obstacle_collision,,,227.99999999999997,639.0500762851061,
1328,1,0,obstacle_collision,,,644.9999999999995,537.1489551325591,
1329,0,1,success,,,582.0000000000007,590.383773489753,0.9857994513633125
1330,1,0,boundary_collision,,,96.00000000000003,667.4945692662975,
1331,0,1,success,,,615.0000000000001,620.4401663335474,0.9912317631437443
1332,1,0,obstacle_collision,,,69.00000000000009,538.2062801565958,
1333,1,0,obstacle_collision,,,300.00000000000006,677.7735610069192,
1334,1,0,obstacle_collision,,,701.9999999999995,670.2245892236423,
1335,1,0,boundary_collision,,,98.99999999999997,698.9628030160117,
1336,1,0,obstacle_collision,,,384.0,566.1881312779349,
1337,1,0,obstacle_collision,,,612.0,646.0936464631114,
1338,1,0,obstacle_collision,,,279.00000000000006,528.9158723275375,
1339,1,0,obstacle_collision,,,566.9999999999998,685.6617241759963,
1340,1,0,obstacle_collision,,,282.00000000000006,624.347659561562,
1341,1,0,obstacle_collision,,,782.9999999999999,710.3478021363901,
1342,0,1,success,,,657.0000000000002,659.7613204788531,0.9958146675272677
1343,1,0,obstacle_collision,,,177.0,550.5969487746912,
1344,1,0,boundary_collision,,,74.99999999999999,789.4213070344631,
1345,0,1,success,,,623.9999999999995,570.5479822065801,1.0936854032621326
1346,1,0,obstacle_collision,,,243.00000000000006,597.4512532416347,
1347,1,0,obstacle_collision,,,896.9999999999999,628.5515094246454,
1348,0,1,success,,,602.9999999999998,617.0032414825712,0.9773044280141485
1349,1,0,boundary_collision,,,104.99999999999996,599.6207134514284,
1350,1,0,obstacle_collision,,,114.0,570.713588413663,
1351,1,0,obstacle_collision,,,186.00000000000006,612.9225073367758,
1352,1,0,obstacle_collision,,,176.9999999999999,583.9666086344321,
1353,1,0,obstacle_collision,,,102.00000000000009,594.0134678607885,
1354,1,0,obstacle_collision,,,66.0,629.1526046993687,
1355,0,1,success,,,618.0000000000002,546.7174773134658,1.1303827399789963
1356,0,1,success,,,603.0000000000001,600.0,1.0050000000000001
1357,1,0,obstacle_collision,,,669.0000000000001,758.4668746886709,
1358,0,1,success,,,852.000000000001,797.1963371717158,1.0687455025479884
1359,1,0,boundary_collision,,,137.99999999999991,728.8765327543479,
1360,1,0,obstacle_collision,,,86.99999999999997,746.7757360814558,
1361,1,0,obstacle_collision,,,246.00000000000043,618.7277268718447,
1362,1,0,obstacle_collision,,,63.000000000000036,550.8266514975469,
1363,1,0,obstacle_collision,,,495.0,616.5857604583485,
1364,1,0,obstacle_collision,,,419.99999999999983,604.052977809066,
1365,1,0,obstacle_collision,,,479.9999999999999,620.8461967347469,
1366,0,1,success,,,789.0000000000006,649.3542946650927,1.2150531789536108
1367,1,0,obstacle_collision,,,143.99999999999994,546.5757038142109,
1368,0,1,success,,,783.0000000000002,645.4773427472106,1.2130557467245566
1369,1,0,obstacle_collision,,,273.00000000000006,685.9190914386331,
1370,0,1,success,,,569.9999999999991,580.5945228815029,0.9817522858656623
1371,0,1,success,,,818.9999999999999,715.2286347735247,1.1450883817862438
1372,0,1,success,,,636.0000000000003,614.2377389903685,1.0354297035629931
1373,1,0,obstacle_collision,,,1331.999999999999,663.7183137446186,
1374,1,0,boundary_collision,,,912.0000000000003,708.8476564114465,
1375,1,0,obstacle_collision,,,273.0000000000007,632.1115407900729,
1376,0,1,success,,,531.0000000000006,515.2795357861595,1.030508613523447
1377,0,1,success,,,644.9999999999998,653.8776643990832,0.9864230499335958
1378,1,0,obstacle_collision,,,315.00000000000017,637.4715679934283,
1379,1,0,boundary_collision,,,78.0,598.8196723555432,
1380,1,0,obstacle_collision,,,243.0,628.0326424637497,
1381,1,0,obstacle_collision,,,159.00000000000006,580.4291515766588,
1382,0,1,success,,,836.9999999999997,791.3242066308852,1.0577207078797477
1383,1,0,obstacle_collision,,,345.0000000000007,635.6886030125128,
1384,1,0,obstacle_collision,,,776.9999999999999,666.5133156959432,
1385,0,1,success,,,617.9999999999994,624.2891958059181,0.9899258294902898
1386,0,1,success,,,615.0000000000003,597.0770469545786,1.0300178228870775
1387,1,0,obstacle_collision,,,125.99999999999994,653.3192175345831,
1388,1,0,boundary_collision,,,99.00000000000009,588.430114796991,
1389,1,0,boundary_collision,,,108.00000000000007,611.0294591916171,
1390,1,0,obstacle_collision,,,144.0,709.7281169574727,
1391,0,1,success,,,723.0,668.7077089431525,1.0811898686537542
1392,0,1,success,,,813.0,601.0657202003788,1.352597515840644
1393,1,0,obstacle_collision,,,287.99999999999994,659.893930870712,
1394,1,0,obstacle_collision,,,324.0,674.8933249040177,
1395,1,0,obstacle_collision,,,174.0,612.5659148206012,
1396,1,0,obstacle_collision,,,144.00000000000014,646.4131805586889,
1397,1,0,obstacle_collision,,,284.9999999999996,579.6153897197693,
1398,1,0,obstacle_collision,,,147.00000000000003,683.117852204142,
1399,1,0,obstacle_collision,,,59.999999999999986,590.5395837706394,
1400,0,1,success,,,713.9999999999997,658.3167930411619,1.0845842116553088
1401,0,1,success,,,834.0,652.7671866753108,1.2776377505244227
1402,0,1,success,,,635.9999999999998,530.0283011311755,1.1999359253886286
1403,1,0,obstacle_collision,,,599.9999999999994,634.2002838220747,
1404,1,0,obstacle_collision,,,132.0000000000001,606.803098212262,
1405,1,0,obstacle_collision,,,317.9999999999999,634.4667051942126,
1406,0,1,success,,,630.0000000000001,553.4347296655677,1.138345619149524
1407,1,0,obstacle_collision,,,204.00000000000023,581.4163740384338,
1408,1,0,boundary_collision,,,56.99999999999997,665.1443452364306,
1409,1,0,obstacle_collision,,,246.00000000000006,690.3310799898843,
1410,1,0,obstacle_collision,,,119.99999999999989,690.8668467946627,
1411,1,0,obstacle_collision,,,225.00000000000023,599.0125207372547,
1412,0,1,success,,,606.0000000000001,595.3427584173675,1.017901018248653
1413,1,0,obstacle_collision,,,195.00000000000028,604.9661147535455,
1414,1,0,obstacle_collision,,,132.00000000000006,675.1784949181957,
1415,0,1,success,,,569.9999999999998,525.6434152541055,1.0843853141857611
1416,1,0,obstacle_collision,,,558.0,635.0196847342609,
1417,1,0,obstacle_collision,,,300.00000000000006,561.6778436078816,
1418,1,0,obstacle_collision,,,312.0000000000005,677.1565550151604,
1419,1,0,boundary_collision,,,92.99999999999997,701.3679490823629,
1420,0,1,success,,,551.9999999999991,565.7464096218375,0.9757021708170858
1421,1,0,obstacle_collision,,,116.99999999999991,639.5701681598352,
1422,0,1,success,,,582.0,592.0760086340266,0.9829819001494877
1423,0,1,success,,,732.0000000000003,644.9806198638839,1.134917821491258
1424,0,1,success,,,743.9999999999999,709.9309825609811,1.0479891965217794
1425,1,0,obstacle_collision,,,489.0000000000011,559.0321994304085,
1426,1,0,obstacle_collision,,,441.0,661.2911612897907,
1427,1,0,obstacle_collision,,,174.00000000000014,727.7094200297258,
1428,1,0,boundary_collision,,,99.00000000000001,584.27733141035,
1429,1,0,obstacle_collision,,,95.99999999999993,561.749054293819,
1430,1,0,obstacle_collision,,,204.00000000000017,652.770250547618,
1431,1,0,obstacle_collision,,,81.00000000000003,640.1288932707224,
1432,0,1,success,,,695.9999999999999,571.1357106677887,1.218624552798872
1433,1,0,obstacle_collision,,,99.00000000000014,694.1368741105748,
1434,1,0,obstacle_collision,,,788.9999999999992,690.7459735677074,
1435,1,0,boundary_collision,,,122.99999999999996,631.8385869824666,
1436,0,1,success,,,672.0,652.6813924113358,1.0295988330803971
1437,1,0,obstacle_collision,,,555.0,675.5412644687221,
1438,1,0,obstacle_collision,,,606.0000000000002,620.9162584439225,
1439,0,1,success,,,618.0000000000003,637.4205832886164,0.969532544449035
1440,1,0,obstacle_collision,,,258.00000000000006,635.4093168973839,
1441,0,1,success,,,605.9999999999989,618.0517777662321,0.9805003752116191
1442,1,0,obstacle_collision,,,221.99999999999991,555.972121603233,
1443,0,1,success,,,678.0,558.2436743931811,1.2145233902327612
1444,0,1,success,,,683.9999999999997,665.439704255765,1.0278917768590208
1445,0,1,success,,,708.0000000000001,571.0035026162274,1.2399223415549665
1446,1,0,obstacle_collision,,,171.00000000000003,634.6668417366706,
1447,0,1,success,,,591.0000000000006,611.0523709143105,0.9671838751164556
1448,0,1,success,,,719.9999999999998,722.0484748270022,0.9971629677252718
1449,1,0,obstacle_collision,,,546.0000000000002,613.1247833842634,
1450,1,0,obstacle_collision,,,554.9999999999998,572.8429104038908,
1451,1,0,boundary_collision,,,131.99999999999994,572.4272879589163,
1452,1,0,obstacle_collision,,,422.9999999999998,576.6680154126809,
1453,1,0,obstacle_collision,,,150.00000000000006,698.3845645487878,
1454,1,0,boundary_collision,,,92.99999999999997,641.7702080963247,
1455,1,0,obstacle_collision,,,390.00000000000006,657.0030441329782,
1456,1,0,boundary_collision,,,56.99999999999995,771.9851034832213,
1457,1,0,boundary_collision,,,93.0,627.739595692354,
1458,1,0,obstacle_collision,,,201.00000000000014,589.5939280555729,
1459,1,0,obstacle_collision,,,287.9999999999999,569.0281188131215,
1460,1,0,obstacle_collision,,,522.0000000000002,651.0798722123116,
1461,1,0,obstacle_collision,,,150.00000000000017,574.4649684706632,
1462,1,0,boundary_collision,,,99.0,787.3969773881533,
1463,0,1,success,,,789.0000000000001,702.727543219988,1.1227680024959612
1464,1,0,obstacle_collision,,,648.0000000000002,684.1264502999427,
1465,1,0,boundary_collision,,,108.00000000000009,697.656792413003,
1466,1,0,obstacle_collision,,,75.00000000000009,555.0936857864625,
1467,1,0,obstacle_collision,,,114.00000000000006,603.1160750634989,
1468,1,0,obstacle_collision,,,96.00000000000021,646.133113220488,
1469,1,0,boundary_collision,,,87.00000000000001,649.6845388340406,
1470,1,0,obstacle_collision,,,399.00000000000017,673.9324892005134,
1471,1,0,obstacle_collision,,,230.9999999999994,523.0420633180471,
1472,1,0,obstacle_collision,,,714.0,731.7602066250938,
1473,1,0,obstacle_collision,,,164.99999999999986,616.4162554637896,
1474,0,1,success,,,666.0000000000005,645.8374408471531,1.0312192478751308
1475,1,0,obstacle_collision,,,561.0000000000003,668.613490740353,
1476,1,0,obstacle_collision,,,837.0000000000008,643.0279931698153,
1477,1,0,obstacle_collision,,,327.0,696.0783001933044,
1478,1,0,obstacle_collision,,,710.9999999999995,742.13206371912,
1479,1,0,obstacle_collision,,,807.0000000000002,640.4638943765683,
1480,1,0,obstacle_collision,,,186.00000000000006,620.7898195041539,
1481,1,0,obstacle_collision,,,455.9999999999998,685.8935777509511,
1482,1,0,obstacle_collision,,,191.99999999999991,601.4790104400984,
1483,1,0,obstacle_collision,,,606.0000000000005,600.7204008521768,
1484,1,0,obstacle_collision,,,281.99999999999994,774.1227292878049,
1485,1,0,obstacle_collision,,,414.0,676.2869213580875,
1486,1,0,obstacle_collision,,,258.0,678.973489909584,
1487,1,0,obstacle_collision,,,842.9999999999999,654.0244643742312,
1488,1,0,boundary_collision,,,54.000000000000014,622.9390018292321,
1489,1,0,obstacle_collision,,,638.9999999999997,636.8422096563638,
1490,0,1,success,,,521.9999999999992,536.4298649404226,0.9731001834843293
1491,1,0,obstacle_collision,,,105.00000000000003,581.1032610474665,
1492,1,0,obstacle_collision,,,171.0000000000003,592.2837157984338,
1493,0,1,success,,,492.00000000000034,513.3351731568762,0.9584381233304741
1494,0,1,success,,,654.0000000000002,623.0393246015857,1.0496929714961618
1495,1,0,obstacle_collision,,,606.0000000000001,598.8739433303139,
1496,0,1,success,,,740.9999999999986,649.5729366283666,1.1407494958860012
1497,1,0,obstacle_collision,,,422.9999999999997,629.5792245619291,
1498,0,1,success,,,708.0,640.0031249923707,1.106244598428234
1499,1,0,obstacle_collision,,,281.9999999999999,652.9663084723438,
1500,1,0,obstacle_collision,,,375.0000000000005,536.3021536410236,
1501,0,1,success,,,684.0,685.9460620194565,0.9971629518307501
1502,1,0,obstacle_collision,,,78.0,707.1407214974965,
1503,0,1,success,,,564.0000000000003,560.2472668384916,1.0066983515737358
1504,1,0,obstacle_collision,,,389.99999999999994,708.0939203241333,
1505,1,0,obstacle_collision,,,599.9999999999998,632.6642079334028,
1506,1,0,obstacle_collision,,,228.00000000000017,551.762630122773,
1507,1,0,obstacle_collision,,,450.00000000000006,588.2456969668372,
1508,1,0,obstacle_collision,,,387.0000000000002,528.140132919285,
1509,0,1,success,,,602.9999999999995,596.2499475890962,1.0113208436129795
1510,0,1,success,,,767.9999999999999,697.2266489456639,1.1015069506613933
1511,1,0,obstacle_collision,,,459.0,571.3160246308518,
1512,0,1,success,,,564.0000000000003,565.4095860524475,0.9975069647080296
1513,0,1,success,,,639.0000000000001,578.9127740860448,1.1037932286238072
1514,1,0,obstacle_collision,,,275.99999999999983,629.5657233363329,
1515,1,0,obstacle_collision,,,297.00000000000006,681.8357573492315,
1516,0,1,success,,,617.9999999999997,636.0951186733004,0.9715528100403575
1517,1,0,obstacle_collision,,,548.9999999999994,561.031193428672,
1518,1,0,obstacle_collision,,,135.00000000000006,601.1405825595208,
1519,1,0,obstacle_collision,,,341.9999999999998,581.0309802411572,
1520,1,0,obstacle_collision,,,255.00000000000006,607.842907337085,
1521,0,1,success,,,881.9999999999995,722.8222464755771,1.2202170095076075
1522,1,0,boundary_collision,,,42.000000000000014,800.8926270106374,
1523,0,1,success,,,608.9999999999995,622.1012779282808,0.9789402812803872
1524,1,0,obstacle_collision,,,501.00000000000034,702.2143547379247,
1525,1,0,obstacle_collision,,,101.9999999999999,550.6768562414803,
1526,1,0,obstacle_collision,,,543.0000000000002,648.1303881164654,
1527,1,0,obstacle_collision,,,68.99999999999997,607.5236620906218,
1528,0,1,success,,,609.0000000000003,598.9407316254255,1.0167950981514908
1529,1,0,boundary_collision,,,84.0,679.1656646209377,
1530,1,0,obstacle_collision,,,414.00000000000057,627.7141068989927,
1531,1,0,obstacle_collision,,,558.0000000000009,594.0412443593458,
1532,0,1,success,,,621.0000000000001,540.1814509958667,1.149613706385397
1533,1,0,obstacle_collision,,,233.99999999999983,603.1931697226022,
1534,1,0,obstacle_collision,,,141.00000000000014,591.8487982584742,
1535,1,0,obstacle_collision,,,231.00000000000003,577.4296493946254,
1536,1,0,obstacle_collision,,,354.00000000000006,628.3510165504629,
1537,0,1,success,,,579.0,576.4590184913408,1.0044079135327075
1538,1,0,obstacle_collision,,,263.99999999999994,755.0980068838746,
1539,1,0,obstacle_collision,,,126.00000000000017,582.274849190655,
1540,0,1,success,,,614.9999999999997,550.3635162326806,1.1174432567946462
1541,1,0,obstacle_collision,,,300.00000000000006,634.717259888212,
1542,1,0,obstacle_collision,,,384.00000000000057,645.0713138870772,
1543,1,0,obstacle_collision,,,215.99999999999994,619.1041915542165,
1544,1,0,obstacle_collision,,,611.9999999999999,551.7571929753159,
1545,1,0,obstacle_collision,,,132.0000000000002,584.4450359101359,
1546,1,0,obstacle_collision,,,599.9999999999994,614.2906478207201,
1547,1,0,obstacle_collision,,,108.00000000000021,613.3726436677788,
1548,1,0,obstacle_collision,,,215.99999999999997,698.5957343127712,
1549,1,0,obstacle_collision,,,488.9999999999999,601.2071190529932,
1550,1,0,obstacle_collision,,,473.9999999999997,542.2988106201229,
1551,0,1,success,,,756.0000000000001,656.592720032746,1.1513986934888594
1552,0,1,success,,,764.9999999999998,599.1610801779435,1.2767852006889435
1553,1,0,obstacle_collision,,,351.0,622.0072346846136,
1554,0,1,success,,,744.0,652.0989188765766,1.1409311968830569
1555,0,1,success,,,600.0000000000002,588.9626473724799,1.018740327042404
1556,1,0,obstacle_collision,,,234.0,566.4432893061759,
1557,0,1,success,,,659.9999999999999,614.4371408044927,1.0741538168344624
1558,1,0,obstacle_collision,,,186.0,649.2680494218085,
1559,0,1,success,,,630.0000000000001,610.0860595030836,1.0326411990353237
1560,1,0,obstacle_collision,,,164.99999999999991,682.619952828805,
1561,1,0,obstacle_collision,,,516.0,645.0193795538239,
1562,1,0,obstacle_collision,,,621.0000000000001,645.6725176124503,
1563,1,0,obstacle_collision,,,257.99999999999994,643.2122511271066,
1564,1,0,obstacle_collision,,,180.00000000000009,597.9071834323452,
1565,1,0,obstacle_collision,,,573.0,665.6613252998856,
1566,1,0,obstacle_collision,,,542.9999999999998,634.4667051942126,
1567,0,1,success,,,654.0,577.2936860905374,1.1328722550716286
1568,1,0,obstacle_collision,,,633.0000000000003,651.6026396508842,
1569,0,1,success,,,599.9999999999994,607.1877798506817,0.9881621796597259
1570,0,1,success,,,599.9999999999997,552.9647366695276,1.0850601497913999
1571,1,0,boundary_collision,,,744.0000000000001,613.1761573968772,
1572,1,0,obstacle_collision,,,72.00000000000004,636.4911625466609,
1573,1,0,boundary_collision,,,92.99999999999982,558.8389750187437,
1574,0,1,success,,,614.9999999999989,623.3177359902412,0.9866557046110227
1575,1,0,obstacle_collision,,,239.99999999999994,617.3183943476819,
1576,0,1,success,,,897.0,783.8271493129081,1.144384958834735
1577,0,1,success,,,576.0000000000002,572.4700865547475,1.0061661098599868
1578,0,1,success,,,587.9999999999999,557.7741478412207,1.0541901274481145
1579,0,1,success,,,615.0000000000006,567.4662985587778,1.0837648007678102
1580,1,0,obstacle_collision,,,389.99999999999983,600.1416499460773,
1581,1,0,boundary_collision,,,72.00000000000007,632.3100505290106,
1582,1,0,obstacle_collision,,,212.9999999999999,668.4309986827361,
1583,1,0,obstacle_collision,,,164.99999999999994,628.0031847053007,
1584,1,0,obstacle_collision,,,306.0000000000005,589.2172774113128,
1585,1,0,obstacle_collision,,,330.0000000000002,606.3637522147907,
1586,1,0,obstacle_collision,,,437.9999999999998,609.3972431837873,
1587,1,0,obstacle_collision,,,248.99999999999994,537.0595870106035,
1588,0,1,success,,,603.0000000000003,557.919349010231,1.0808013758077113
1589,1,0,obstacle_collision,,,131.99999999999994,703.6312954950199,
1590,0,1,success,,,666.0000000000006,638.8622699768707,1.0424782168214635
1591,0,1,success,,,756.0,662.9215639877767,1.1404064086440542
1592,1,0,obstacle_collision,,,219.0000000000001,523.2446846361652,
1593,1,0,obstacle_collision,,,399.0000000000003,589.1731494221372,
1594,1,0,obstacle_collision,,,122.99999999999989,670.9783901140185,
1595,1,0,obstacle_collision,,,110.99999999999987,615.8733636065128,
1596,1,0,boundary_collision,,,45.00000000000019,680.2470139589001,
1597,1,0,obstacle_collision,,,587.9999999999999,696.8414453805112,
1598,1,0,obstacle_collision,,,296.9999999999997,628.167175200997,
1599,1,0,obstacle_collision,,,263.9999999999999,580.0,
1600,1,0,obstacle_collision,,,621.0000000000007,702.3852219402114,
1601,1,0,obstacle_collision,,,179.9999999999998,709.6766869497687,
1602,0,1,success,,,596.9999999999995,557.2019382593711,1.0714248444019283
1603,1,0,obstacle_collision,,,603.0,655.3693615054033,
1604,1,0,obstacle_collision,,,660.0000000000001,688.3669079785867,
1605,1,0,obstacle_collision,,,353.99999999999983,587.0417361653258,
1606,0,1,success,,,660.0,661.3561824009813,0.9979493918147739
1607,1,0,obstacle_collision,,,554.9999999999981,585.4989325353207,
1608,1,0,obstacle_collision,,,338.9999999999999,551.0798490237145,
1609,1,0,obstacle_collision,,,345.0000000000002,594.6738601956538,
1610,1,0,boundary_collision,,,92.99999999999994,601.332686621973,
1611,1,0,obstacle_collision,,,171.0000000000003,653.737714989735,
1612,1,0,obstacle_collision,,,212.9999999999998,627.8678204845348,
1613,0,1,success,,,597.0,560.0080356566324,1.0660561313196033
1614,1,0,obstacle_collision,,,513.0,631.6399290735189,
1615,1,0,obstacle_collision,,,296.99999999999983,615.2934259359513,
1616,1,0,obstacle_collision,,,197.99999999999986,560.5283222103947,
1617,1,0,obstacle_collision,,,684.0000000000005,649.2980825476077,
1618,1,0,obstacle_collision,,,204.0,608.2540587616329,
1619,1,0,obstacle_collision,,,657.0,613.0489376876858,
1620,0,1,success,,,777.0,672.5927445341646,1.1552310165613628
1621,0,1,success,,,639.0,647.6928284302676,0.986578779247355
1622,1,0,obstacle_collision,,,461.99999999999983,697.2754118710913,
1623,0,1,success,,,702.0000000000001,647.4357110941595,1.084277539794071
1624,1,0,obstacle_collision,,,272.99999999999994,649.7022394912918,
1625,1,0,obstacle_collision,,,165.00000000000009,587.929417532411,
1626,1,0,obstacle_collision,,,281.99999999999955,599.9083263299485,
1627,0,1,success,,,654.0000000000001,661.8579908107176,0.9881273763861457
1628,1,0,obstacle_collision,,,351.0000000000005,613.7768324073498,
1629,1,0,obstacle_collision,,,644.9999999999994,586.0,
1630,1,0,obstacle_collision,,,248.9999999999999,672.3243264972642,
1631,0,1,success,,,728.9999999999995,640.0562475282934,1.138962400281507
1632,1,0,obstacle_collision,,,233.99999999999994,617.0413276272506,
1633,0,1,success,,,1028.9999999999995,620.556202128381,1.6581898568908664
1634,1,0,obstacle_collision,,,158.99999999999974,660.4755862255622,
1635,1,0,obstacle_collision,,,317.99999999999994,643.361484703584,
1636,0,1,success,,,644.9999999999997,660.1090818948032,0.9771112346289285
1637,0,1,success,,,651.0000000000002,663.5495460024067,0.9810872510153733
1638,0,1,success,,,770.9999999999998,685.7229761354071,1.1243607503793973
1639,1,0,boundary_collision,,,51.0,603.0008291868262,
1640,0,1,success,,,726.0000000000001,682.5130035391268,1.0637159969632437
1641,1,0,obstacle_collision,,,360.0000000000005,700.7952625410649,
1642,0,1,success,,,690.0000000000001,635.4533814529591,1.0858388988698442
1643,0,1,success,,,632.9999999999997,589.261402095878,1.0742261375826632
1644,1,0,obstacle_collision,,,393.0000000000005,592.3520912430376,
1645,0,1,success,,,753.0000000000001,695.2553487748224,1.0830553138885377
1646,1,0,obstacle_collision,,,392.99999999999926,576.025173061039,
1647,0,1,success,,,683.9999999999995,595.8019805270875,1.1480324375472637
1648,0,1,success,,,660.0000000000003,676.8256791818703,0.9751403061387853
1649,1,0,obstacle_collision,,,656.9999999999992,625.002399995392,
1650,1,0,obstacle_collision,,,446.9999999999998,692.7986720541545,
1651,0,1,success,,,702.0000000000006,625.7683277379896,1.121820918194392
1652,1,0,obstacle_collision,,,95.99999999999991,669.914173607336,
1653,1,0,obstacle_collision,,,317.99999999999955,655.6226048573981,
1654,0,1,success,,,690.0000000000001,617.8106506042122,1.1168470458144213
1655,1,0,obstacle_collision,,,374.99999999999983,624.1666444147749,
1656,0,1,success,,,626.9999999999998,598.0710660113897,1.048370395480826
1657,1,0,obstacle_collision,,,620.9999999999995,594.084169120841,
1658,0,1,success,,,669.0,622.0490334370756,1.0754779190050356
1659,1,0,obstacle_collision,,,141.00000000000009,655.3144283471867,
1660,1,0,obstacle_collision,,,275.9999999999996,663.1930337390464,
1661,1,0,obstacle_collision,,,359.9999999999998,663.509608069092,
1662,1,0,obstacle_collision,,,132.00000000000003,684.143990692018,
1663,0,1,success,,,632.9999999999994,622.9285673333661,1.0161678773374403
1664,0,1,success,,,639.0000000000007,648.1890156428138,0.9858235554428513
1665,1,0,obstacle_collision,,,330.0000000000003,662.5435834720611,
1666,0,1,success,,,621.0000000000007,627.6185147045935,0.9894545579049592
1667,0,1,success,,,603.0,612.2123814494444,0.9849523111119811
1668,1,0,obstacle_collision,,,116.99999999999997,671.5035368484666,
1669,1,0,obstacle_collision,,,111.00000000000003,642.2561794175281,
1670,1,0,obstacle_collision,,,264.00000000000006,609.8196454690518,
1671,1,0,obstacle_collision,,,411.0000000000001,625.4118642942425,
1672,0,1,success,,,554.9999999999993,563.796062419737,0.9843985032779651
1673,1,0,obstacle_collision,,,324.00000000000006,666.7968206282931,
1674,0,1,success,,,675.0000000000002,639.1752498337213,1.05604840014628
1675,1,0,obstacle_collision,,,225.0000000000005,535.4941643006018,
1676,0,1,success,,,545.9999999999997,564.7167431553628,0.9668564047689058
1677,1,0,obstacle_collision,,,146.9999999999999,630.9690959151644,
1678,1,0,obstacle_collision,,,377.99999999999994,659.3345129750148,
1679,0,1,success,,,675.0,696.2212292080729,0.9695194166483384
1680,1,0,obstacle_collision,,,267.00000000000045,559.0008944536672,
1681,1,0,obstacle_collision,,,360.0000000000006,572.4700865547475,
1682,1,0,obstacle_collision,,,369.0000000000009,741.0998583187019,
1683,0,1,success,,,764.9999999999994,721.3556681693158,1.0605032077192182
1684,1,0,obstacle_collision,,,300.00000000000006,644.0512401975483,
1685,1,0,obstacle_collision,,,309.0,688.776451397694,
1686,1,0,obstacle_collision,,,362.9999999999999,602.1378579694189,
1687,0,1,success,,,665.9999999999997,670.3976431939479,0.9934402466378063
1688,0,1,success,,,641.9999999999993,628.9554833213556,1.0207399681289984
1689,1,0,obstacle_collision,,,293.99999999999994,620.7648508090645,
1690,1,0,obstacle_collision,,,395.99999999999966,663.0,
1691,1,0,obstacle_collision,,,162.00000000000014,703.957385073841,
1692,1,0,obstacle_collision,,,105.00000000000003,639.4505453903374,
1693,1,0,obstacle_collision,,,326.9999999999999,635.3022902524435,
1694,1,0,obstacle_collision,,,335.99999999999983,644.9038688052663,
1695,1,0,obstacle_collision,,,369.0000000000002,644.4850657695646,
1696,0,1,success,,,665.9999999999999,678.26617194137,0.9819154006954803
1697,1,0,obstacle_collision,,,206.99999999999994,699.5891651533777,
1698,1,0,obstacle_collision,,,107.99999999999991,644.0069875397315,
1699,0,1,success,,,674.9999999999998,604.7875660097519,1.116094374184134
1700,0,1,success,,,593.9999999999995,581.5995185692643,1.0213213406043395
1701,0,1,success,,,762.0,661.5474283828787,1.1518448523980704
1702,0,1,success,,,711.0000000000002,699.7285187842497,1.0161083633340176
1703,1,0,obstacle_collision,,,137.99999999999991,570.01491208564,
1704,1,0,obstacle_collision,,,258.0000000000002,667.9715562806548,
1705,1,0,obstacle_collision,,,279.00000000000034,642.000778815727,
1706,0,1,success,,,672.0000000000009,640.1452960070862,1.0497616778434657
1707,1,0,obstacle_collision,,,225.00000000000006,558.5158905528114,
1708,1,0,obstacle_collision,,,284.9999999999994,584.8247600777519,
1709,1,0,obstacle_collision,,,314.9999999999999,603.3448433524562,
1710,0,1,success,,,590.9999999999997,602.6939521846889,0.9805971967326034
1711,0,1,success,,,771.0000000000009,709.2136490508343,1.0871195175556159
1712,1,0,obstacle_collision,,,554.999999999999,608.313241677345,
1713,1,0,obstacle_collision,,,600.0000000000003,520.8243465891355,
1714,0,1,success,,,579.0000000000002,530.7541803886239,1.090900498562348
1715,1,0,obstacle_collision,,,596.9999999999989,617.3507916897815,
1716,1,0,obstacle_collision,,,414.0000000000001,715.944830276747,
1717,0,1,success,,,660.0000000000009,611.9231977952788,1.0785667259844696
1718,1,0,obstacle_collision,,,671.9999999999999,606.8253455484535,
1719,0,1,success,,,624.0000000000007,636.2955288228891,0.9806763865752217
1720,1,0,obstacle_collision,,,189.0,627.9052476289714,
1721,1,0,obstacle_collision,,,447.00000000000034,629.2487584413656,
1722,0,1,success,,,644.9999999999991,654.8526551828281,0.9849543937787375
1723,0,1,success,,,576.0000000000003,588.4895920914829,0.9787768683434235
1724,0,1,success,,,651.0000000000008,640.7128842156992,1.0160557342262504
1725,1,0,boundary_collision,,,78.00000000000007,700.2542395444672,
1726,1,0,obstacle_collision,,,464.9999999999999,649.9423051317709,
1727,0,1,success,,,672.0000000000001,642.3519284628949,1.0461554954899117
1728,0,1,success,,,687.0000000000001,659.3367879922976,1.0419561178922505
1729,0,1,success,,,605.9999999999995,618.8133805922429,0.9792936271352437
1730,1,0,obstacle_collision,,,191.99999999999994,585.430610747337,
1731,0,1,success,,,645.0,542.2185906071462,1.1895571475661963
1732,0,1,success,,,581.9999999999997,575.2329962719455,1.011763935260861
1733,1,0,obstacle_collision,,,476.99999999999994,593.2731242859396,
1734,1,0,obstacle_collision,,,431.9999999999999,617.090755075783,
1735,1,0,boundary_collision,,,48.0,545.2650731524989,
1736,0,1,success,,,639.0000000000013,635.2361765516822,1.0059250772976291
1737,0,1,success,,,1461.0000000000002,672.4618948312238,2.172613810878735
1738,1,0,obstacle_collision,,,338.9999999999999,708.5901495222749,
1739,0,1,success,,,657.0000000000002,627.0853211485659,1.0477043200383687
