episode,collision,success,termination_reason,steps,episode_return,actual_path_length,optimal_distance,path_efficiency_ratio
1,1,0,boundary_collision,,,719.9999999999998,620.9041794029091,
2,1,0,boundary_collision,,,377.9999999999991,618.2200255572444,
3,1,0,boundary_collision,,,95.99999999999993,611.9231977952788,
4,1,0,boundary_collision,,,87.00000000000006,596.028522807424,
5,1,0,boundary_collision,,,276.0000000000003,563.4536360695528,
6,1,0,boundary_collision,,,509.9999999999997,573.9764803543783,
7,1,0,boundary_collision,,,186.00000000000017,596.7319331156998,
8,1,0,obstacle_collision,,,186.0000000000001,636.3175307973213,
9,1,0,boundary_collision,,,50.99999999999998,684.9963503552409,
10,1,0,boundary_collision,,,245.9999999999997,680.8362505037463,
11,1,0,boundary_collision,,,99.00000000000003,590.4100270151245,
12,1,0,boundary_collision,,,111.00000000000001,736.6627450876011,
13,1,0,boundary_collision,,,42.00000000000001,646.461909164028,
14,1,0,boundary_collision,,,38.999999999999986,658.027355054484,
15,1,0,boundary_collision,,,441.0,694.1015775806881,
16,1,0,boundary_collision,,,129.0000000000001,633.6095011913884,
17,1,0,boundary_collision,,,95.99999999999996,589.0008488958229,
18,1,0,obstacle_collision,,,128.99999999999994,686.466313812994,
19,1,0,obstacle_collision,,,56.999999999999844,677.2067631085797,
20,1,0,boundary_collision,,,54.00000000000001,676.3904198020549,
21,1,0,obstacle_collision,,,299.9999999999998,678.8519720822795,
22,1,0,obstacle_collision,,,269.9999999999996,525.1076080195372,
23,1,0,obstacle_collision,,,218.99999999999997,648.0570962500141,
24,1,0,boundary_collision,,,186.0000000000002,629.0627949577054,
25,1,0,boundary_collision,,,290.9999999999997,565.1309582742747,
26,1,0,obstacle_collision,,,90.00000000000006,549.9972727205109,
27,1,0,boundary_collision,,,66.00000000000003,641.510716979849,
28,1,0,boundary_collision,,,117.00000000000006,540.6829015236195,
29,1,0,boundary_collision,,,62.99999999999979,708.7623014805457,
30,1,0,boundary_collision,,,489.0000000000007,728.0803527084081,
31,1,0,boundary_collision,,,80.99999999999999,582.8181534578346,
32,1,0,boundary_collision,,,339.0000000000007,640.6442070291434,
33,1,0,boundary_collision,,,81.00000000000006,656.8142812089275,
34,1,0,obstacle_collision,,,182.99999999999977,637.1577512672981,
35,1,0,boundary_collision,,,332.9999999999991,641.0319804814733,
36,1,0,boundary_collision,,,44.999999999999986,754.5130880243231,
37,1,0,boundary_collision,,,144.00000000000006,692.1885581256021,
38,1,0,boundary_collision,,,81.00000000000003,610.1294944517925,
39,1,0,obstacle_collision,,,200.99999999999983,573.013961435496,
40,1,0,boundary_collision,,,180.0000000000001,566.1280773817882,
41,1,0,obstacle_collision,,,207.0000000000002,617.554046217819,
42,1,0,obstacle_collision,,,428.9999999999998,645.3100030218035,
43,1,0,boundary_collision,,,80.99999999999976,625.1559805360579,
44,1,0,obstacle_collision,,,542.9999999999991,578.5257124795751,
45,1,0,boundary_collision,,,317.99999999999966,579.0423127889705,
46,1,0,obstacle_collision,,,276.0000000000003,642.1970102702129,
47,1,0,boundary_collision,,,246.0,599.5681779414248,
48,1,0,boundary_collision,,,125.99999999999996,577.2936860905374,
49,1,0,boundary_collision,,,129.00000000000003,563.9086805503175,
50,1,0,boundary_collision,,,279.0000000000001,610.3589108057652,
51,1,0,boundary_collision,,,69.00000000000001,624.0640992718617,
52,1,0,boundary_collision,,,246.00000000000006,612.800130548289,
53,1,0,boundary_collision,,,69.0000000000001,668.2462121104766,
54,1,0,obstacle_collision,,,524.9999999999998,678.3583123983962,
55,1,0,boundary_collision,,,59.99999999999994,605.7829644352836,
56,1,0,boundary_collision,,,77.99999999999997,627.9530237207239,
57,1,0,obstacle_collision,,,374.9999999999992,563.1527323914889,
58,1,0,boundary_collision,,,99.0,575.0034782503494,
59,1,0,boundary_collision,,,407.99999999999994,569.8929724079777,
60,1,0,obstacle_collision,,,800.9999999999999,606.1526210452282,
61,1,0,boundary_collision,,,135.0,644.0007763970475,
62,1,0,boundary_collision,,,323.9999999999999,606.105601360027,
63,1,0,boundary_collision,,,630.0000000000003,578.7158197250184,
64,1,0,obstacle_collision,,,170.99999999999997,692.3034016961061,
65,1,0,boundary_collision,,,129.00000000000014,552.1747911667102,
66,1,0,boundary_collision,,,227.99999999999957,621.2020605245929,
67,1,0,obstacle_collision,,,287.9999999999999,596.2013082843747,
68,1,0,boundary_collision,,,225.00000000000009,688.9441196497725,
69,1,0,boundary_collision,,,270.0,652.5534460869853,
70,1,0,boundary_collision,,,132.0000000000001,580.331801644542,
71,1,0,boundary_collision,,,192.0,639.5349873150021,
72,1,0,boundary_collision,,,147.00000000000009,614.6625090242612,
73,1,0,boundary_collision,,,348.0000000000003,625.303926103139,
74,1,0,obstacle_collision,,,348.0,570.3165787525381,
75,1,0,obstacle_collision,,,324.0000000000003,684.1059859407751,
76,1,0,obstacle_collision,,,132.00000000000009,597.18171438851,
77,1,0,boundary_collision,,,132.0,587.0212943326673,
78,1,0,obstacle_collision,,,581.9999999999998,620.2983153290036,
79,1,0,boundary_collision,,,461.99999999999966,595.6047347024703,
80,1,0,boundary_collision,,,51.0,678.0597318820813,
81,1,0,boundary_collision,,,425.99999999999994,545.2568202232779,
82,1,0,boundary_collision,,,561.0,610.1843983583979,
83,1,0,boundary_collision,,,141.00000000000045,605.3172721804657,
84,1,0,boundary_collision,,,116.99999999999982,602.2399853878851,
85,1,0,boundary_collision,,,59.99999999999999,607.0205927314163,
86,1,0,boundary_collision,,,78.00000000000001,666.03453363921,
87,1,0,boundary_collision,,,422.9999999999999,573.1055749161754,
88,1,0,boundary_collision,,,552.0000000000006,754.5117626651025,
89,1,0,obstacle_collision,,,750.0000000000001,559.1216325630766,
90,1,0,boundary_collision,,,150.0000000000002,570.0982371486514,
91,1,0,boundary_collision,,,75.00000000000001,622.7760432129676,
92,1,0,boundary_collision,,,99.00000000000003,638.5647970253293,
93,1,0,boundary_collision,,,117.00000000000016,684.1052550594828,
94,1,0,boundary_collision,,,135.00000000000003,620.4417780904184,
95,1,0,obstacle_collision,,,387.00000000000034,597.9715712306063,
96,1,0,boundary_collision,,,80.99999999999996,612.1478579559026,
97,1,0,boundary_collision,,,113.99999999999969,670.4580523791179,
98,1,0,boundary_collision,,,84.00000000000003,625.6524594373461,
99,1,0,boundary_collision,,,332.99999999999994,684.7751455769989,
100,1,0,boundary_collision,,,321.00000000000006,599.65323312728,
101,1,0,boundary_collision,,,54.0,642.5145912740037,
102,1,0,boundary_collision,,,300.00000000000074,671.1549746519056,
103,1,0,boundary_collision,,,168.00000000000023,675.9178944220962,
104,1,0,boundary_collision,,,185.99999999999997,574.8912940721924,
105,0,1,success,,,654.0000000000001,580.5738540444273,1.1264716718537484
106,1,0,boundary_collision,,,98.99999999999977,665.3608043760919,
107,1,0,boundary_collision,,,153.00000000000028,683.0644186312152,
108,1,0,boundary_collision,,,156.00000000000009,650.6688866082349,
109,1,0,obstacle_collision,,,299.9999999999999,643.0124415592594,
110,1,0,boundary_collision,,,102.0000000000002,558.6054063469132,
111,1,0,boundary_collision,,,117.0,686.0466456444489,
112,1,0,boundary_collision,,,164.99999999999994,656.6642977960656,
113,1,0,boundary_collision,,,57.00000000000002,677.5020295172554,
114,1,0,boundary_collision,,,117.0,657.2381607910484,
115,1,0,boundary_collision,,,38.99999999999999,713.740849328382,
116,1,0,boundary_collision,,,225.00000000000023,717.440589874869,
117,1,0,boundary_collision,,,75.00000000000003,601.2362264534631,
118,1,0,obstacle_collision,,,167.9999999999999,655.25033384196,
119,1,0,boundary_collision,,,750.0000000000003,618.8869040462886,
120,1,0,obstacle_collision,,,162.00000000000003,612.9445325639181,
121,1,0,boundary_collision,,,345.00000000000034,639.312912430212,
122,1,0,obstacle_collision,,,108.00000000000004,677.3079063468845,
123,1,0,boundary_collision,,,68.99999999999974,735.3155785103427,
124,1,0,boundary_collision,,,167.99999999999997,617.122354156775,
125,1,0,boundary_collision,,,360.0,652.0812832768627,
126,1,0,boundary_collision,,,134.99999999999997,583.2709490451243,
127,1,0,obstacle_collision,,,231.00000000000037,669.0478308760892,
128,1,0,boundary_collision,,,153.00000000000023,601.1031525453847,
129,1,0,boundary_collision,,,132.0000000000002,576.7122332671642,
130,1,0,obstacle_collision,,,167.9999999999999,589.9644057059713,
131,1,0,obstacle_collision,,,87.00000000000013,530.996233508299,
132,1,0,boundary_collision,,,188.9999999999997,577.0381269898896,
133,1,0,boundary_collision,,,168.00000000000006,632.5266792792222,
134,1,0,boundary_collision,,,105.00000000000003,583.2752352020442,
135,1,0,boundary_collision,,,185.9999999999998,597.2269250460834,
136,1,0,boundary_collision,,,441.0,721.8046827224107,
137,1,0,boundary_collision,,,84.00000000000004,680.0705845719251,
138,1,0,obstacle_collision,,,122.99999999999994,647.6025015393316,
139,1,0,boundary_collision,,,105.00000000000014,629.6229030141772,
140,1,0,boundary_collision,,,125.99999999999989,640.6847898928146,
141,1,0,obstacle_collision,,,89.99999999999991,612.5691797666611,
142,1,0,boundary_collision,,,269.9999999999995,618.9709201569974,
143,1,0,boundary_collision,,,404.9999999999997,595.24532757511,
144,1,0,boundary_collision,,,1071.0,641.9922117907662,
145,1,0,obstacle_collision,,,536.9999999999997,633.1334772384098,
146,1,0,boundary_collision,,,302.9999999999999,556.2319659997976,
147,1,0,boundary_collision,,,68.99999999999993,602.2997592561366,
148,1,0,boundary_collision,,,86.99999999999987,600.0041666521992,
149,1,0,obstacle_collision,,,144.00000000000023,655.893284002817,
150,1,0,boundary_collision,,,86.99999999999996,668.9132978196801,
151,1,0,boundary_collision,,,57.000000000000014,740.1418782909126,
152,1,0,obstacle_collision,,,192.00000000000009,611.9934640173864,
153,1,0,boundary_collision,,,216.00000000000003,594.9327693109533,
154,1,0,boundary_collision,,,522.0000000000007,535.7322092239741,
155,1,0,boundary_collision,,,513.0,535.1607235214483,
156,1,0,obstacle_collision,,,269.9999999999997,637.6715455467651,
157,1,0,boundary_collision,,,180.0,710.1014012097146,
158,1,0,boundary_collision,,,156.00000000000017,619.1768729531167,
159,1,0,boundary_collision,,,893.9999999999999,697.3894177573961,
160,1,0,obstacle_collision,,,63.0000000000001,544.192061684108,
161,1,0,obstacle_collision,,,110.99999999999989,591.4871089043277,
162,1,0,boundary_collision,,,83.99999999999997,621.5609382836087,
163,1,0,boundary_collision,,,197.9999999999999,611.7883620991821,
164,1,0,boundary_collision,,,99.00000000000024,675.3502794846538,
165,1,0,boundary_collision,,,452.99999999999955,678.1600106169635,
166,1,0,boundary_collision,,,69.00000000000004,716.799135044121,
167,1,0,obstacle_collision,,,402.00000000000034,645.5385348683686,
168,1,0,boundary_collision,,,42.00000000000009,731.3173045949344,
169,1,0,boundary_collision,,,387.0000000000001,587.1771453317984,
170,1,0,boundary_collision,,,41.99999999999999,618.0978886875444,
171,1,0,boundary_collision,,,174.00000000000006,616.8249346451552,
172,1,0,boundary_collision,,,150.00000000000009,687.0589494359273,
173,1,0,boundary_collision,,,185.99999999999997,609.8803161276809,
174,1,0,boundary_collision,,,99.0,611.310068623117,
175,1,0,boundary_collision,,,149.99999999999997,585.7311670041129,
176,1,0,obstacle_collision,,,101.99999999999997,683.1434695581888,
177,1,0,boundary_collision,,,593.9999999999995,544.45018137567,
178,1,0,boundary_collision,,,72.0,649.5205924372221,
179,1,0,boundary_collision,,,276.0000000000001,649.1509839783038,
180,1,0,obstacle_collision,,,261.0000000000004,629.7634476531645,
181,1,0,boundary_collision,,,81.00000000000001,623.6040410388631,
182,1,0,boundary_collision,,,135.0000000000001,630.0285707807226,
183,1,0,boundary_collision,,,240.00000000000009,659.0614538872684,
184,1,0,boundary_collision,,,72.00000000000031,713.4101204776955,
185,1,0,boundary_collision,,,89.99999999999997,677.89748487511,
186,1,0,boundary_collision,,,54.0,634.0544140686981,
187,1,0,boundary_collision,,,125.99999999999996,601.7075701700952,
188,1,0,boundary_collision,,,56.99999999999988,670.2603971591936,
189,1,0,obstacle_collision,,,242.99999999999991,552.834514117923,
190,1,0,boundary_collision,,,44.999999999999986,743.0161505647102,
191,1,0,boundary_collision,,,108.00000000000007,695.599022425995,
192,1,0,obstacle_collision,,,605.9999999999995,673.2443835636507,
193,1,0,boundary_collision,,,392.9999999999995,565.5095047830762,
194,1,0,boundary_collision,,,84.00000000000003,771.6637868916747,
195,1,0,boundary_collision,,,92.99999999999999,577.2806942900481,
196,1,0,boundary_collision,,,92.99999999999993,587.4325493194942,
197,1,0,boundary_collision,,,303.00000000000085,651.7675966170764,
198,1,0,boundary_collision,,,753.0000000000011,621.1360559490972,
199,1,0,obstacle_collision,,,83.99999999999993,583.8030489814181,
200,1,0,boundary_collision,,,216.00000000000003,610.4834150081392,
201,1,0,boundary_collision,,,105.00000000000001,621.2833492054974,
202,1,0,boundary_collision,,,48.00000000000001,765.6069487667938,
203,1,0,boundary_collision,,,72.00000000000051,685.1992410970695,
204,1,0,obstacle_collision,,,377.9999999999997,571.7796778480326,
205,1,0,boundary_collision,,,114.00000000000031,604.5568625034373,
206,1,0,obstacle_collision,,,215.99999999999991,581.4851674806504,
207,1,0,obstacle_collision,,,491.99999999999994,640.0031249923707,
208,1,0,boundary_collision,,,105.00000000000006,571.9694047761645,
209,1,0,obstacle_collision,,,135.00000000000006,639.0774600938449,
210,1,0,boundary_collision,,,99.00000000000003,649.9307655435308,
211,1,0,boundary_collision,,,167.9999999999999,665.7965154609927,
212,1,0,boundary_collision,,,125.99999999999994,645.7894393685917,
213,1,0,boundary_collision,,,99.00000000000016,723.658759361068,
214,1,0,obstacle_collision,,,291.00000000000034,662.148019705564,
215,1,0,boundary_collision,,,198.00000000000006,618.4529084740406,
216,1,0,boundary_collision,,,93.0000000000002,583.9075269252829,
217,1,0,boundary_collision,,,653.9999999999995,597.8570063150553,
218,1,0,obstacle_collision,,,74.99999999999993,591.2740481367333,
219,1,0,obstacle_collision,,,186.00000000000028,726.4736746778923,
220,1,0,boundary_collision,,,197.99999999999997,646.2112657637593,
221,1,0,boundary_collision,,,252.00000000000043,718.3606336652921,
222,1,0,boundary_collision,,,99.0,589.788097540125,
223,1,0,boundary_collision,,,539.9999999999998,616.7933203269957,
224,1,0,obstacle_collision,,,246.00000000000037,657.7613549000883,
225,1,0,obstacle_collision,,,68.99999999999991,657.6397189951349,
226,1,0,boundary_collision,,,60.000000000000014,634.717259888212,
227,1,0,boundary_collision,,,333.00000000000057,575.5154211661056,
228,1,0,boundary_collision,,,641.9999999999998,538.4579835047485,
229,1,0,boundary_collision,,,638.9999999999999,743.4009685223715,
230,1,0,boundary_collision,,,747.0000000000001,546.3048599454338,
231,1,0,boundary_collision,,,198.00000000000014,642.6585407508408,
232,1,0,boundary_collision,,,71.99999999999999,678.53150258481,
233,1,0,boundary_collision,,,648.0000000000011,513.5172830587107,
234,1,0,boundary_collision,,,722.9999999999995,650.5174863137808,
235,1,0,boundary_collision,,,212.99999999999994,585.6150612817263,
236,1,0,obstacle_collision,,,324.00000000000017,666.934779419997,
237,1,0,boundary_collision,,,170.9999999999999,577.3465164006794,
238,1,0,boundary_collision,,,72.00000000000006,676.7458902719691,
239,1,0,obstacle_collision,,,222.00000000000003,710.7517147358844,
240,1,0,obstacle_collision,,,339.0000000000002,593.1112880396056,
241,1,0,boundary_collision,,,63.0,726.1129388738366,
242,1,0,boundary_collision,,,74.99999999999999,708.7298498017421,
243,1,0,boundary_collision,,,345.0000000000001,674.4064056635286,
244,1,0,boundary_collision,,,78.0,690.1311469568665,
245,1,0,obstacle_collision,,,590.9999999999994,621.8432278315813,
246,1,0,boundary_collision,,,113.99999999999999,549.3159382359117,
247,1,0,obstacle_collision,,,213.00000000000006,606.1633443223039,
248,1,0,boundary_collision,,,69.00000000000007,666.0007507503276,
249,1,0,boundary_collision,,,741.0000000000007,540.2591970526739,
250,1,0,boundary_collision,,,53.99999999999995,684.6495453880036,
251,1,0,boundary_collision,,,137.99999999999974,548.1550875436623,
252,1,0,boundary_collision,,,51.00000000000001,664.5539857678983,
253,1,0,boundary_collision,,,143.99999999999994,639.5951844721785,
254,1,0,obstacle_collision,,,290.99999999999966,671.6680727859558,
255,1,0,obstacle_collision,,,315.0000000000002,590.0847396772772,
256,1,0,obstacle_collision,,,681.0000000000002,620.4715948373463,
257,1,0,boundary_collision,,,198.00000000000023,614.2084336770376,
258,1,0,boundary_collision,,,150.00000000000003,603.3324125223176,
259,1,0,boundary_collision,,,110.99999999999999,626.9625188159177,
260,1,0,obstacle_collision,,,408.00000000000006,616.5362925246169,
261,1,0,boundary_collision,,,60.00000000000005,693.9027309356838,
262,1,0,boundary_collision,,,591.0000000000001,663.2179129064594,
263,1,0,boundary_collision,,,246.00000000000009,639.0782424711391,
264,1,0,boundary_collision,,,95.99999999999997,671.3843906436908,
265,1,0,boundary_collision,,,233.9999999999996,612.4589782181334,
266,1,0,obstacle_collision,,,62.999999999999936,692.7517592904402,
267,1,0,boundary_collision,,,479.9999999999998,606.1105509723453,
268,1,0,obstacle_collision,,,251.9999999999999,735.0625823696919,
269,1,0,obstacle_collision,,,329.99999999999943,623.3618531799968,
270,1,0,boundary_collision,,,99.00000000000001,612.9437168288782,
271,1,0,obstacle_collision,,,114.00000000000001,660.09166030181,
272,1,0,obstacle_collision,,,110.99999999999979,598.2942419913466,
273,1,0,obstacle_collision,,,222.00000000000037,616.9416504013974,
274,1,0,boundary_collision,,,129.0,594.5838881099958,
275,0,1,success,,,639.0000000000006,639.5076230976454,0.999206228230422
276,1,0,boundary_collision,,,146.99999999999963,657.5165397159222,
277,1,0,boundary_collision,,,174.00000000000017,640.6442070291434,
278,1,0,obstacle_collision,,,363.00000000000006,688.1111828767209,
279,1,0,obstacle_collision,,,633.0000000000002,663.7183137446186,
280,1,0,obstacle_collision,,,290.9999999999995,631.761030770338,
281,1,0,boundary_collision,,,51.00000000000003,648.422701638368,
282,1,0,boundary_collision,,,86.99999999999979,634.1293243495368,
283,1,0,obstacle_collision,,,917.9999999999999,574.4919494649164,
284,1,0,boundary_collision,,,63.000000000000014,679.4777406214275,
285,1,0,obstacle_collision,,,309.0000000000002,691.5562160808042,
286,1,0,obstacle_collision,,,285.0000000000001,603.4409664581947,
287,1,0,boundary_collision,,,810.0000000000002,645.5548001525509,
288,1,0,obstacle_collision,,,278.99999999999983,526.2432897434418,
289,1,0,obstacle_collision,,,210.00000000000003,564.468776815866,
290,1,0,boundary_collision,,,59.99999999999997,741.706815392713,
291,1,0,boundary_collision,,,74.99999999999994,602.6649151891953,
292,1,0,obstacle_collision,,,177.00000000000003,700.2528114902503,
293,1,0,boundary_collision,,,125.99999999999999,561.9181435049059,
294,1,0,obstacle_collision,,,134.99999999999983,679.0088364668018,
295,1,0,boundary_collision,,,153.00000000000045,626.9960127464926,
296,1,0,boundary_collision,,,54.000000000000014,667.0569690813521,
297,1,0,boundary_collision,,,744.0000000000005,615.958602505071,
298,1,0,boundary_collision,,,122.9999999999996,702.4371858038269,
299,1,0,boundary_collision,,,135.00000000000003,583.6137421274451,
300,1,0,boundary_collision,,,215.99999999999952,647.3831940975916,
301,1,0,obstacle_collision,,,197.99999999999997,591.9949324107429,
302,1,0,boundary_collision,,,791.9999999999999,647.707495710834,
303,1,0,boundary_collision,,,131.99999999999997,557.1292489180585,
304,1,0,obstacle_collision,,,198.0000000000001,646.1586492495477,
305,1,0,boundary_collision,,,153.0,642.3589339302443,
306,1,0,obstacle_collision,,,309.00000000000006,619.5643630810281,
307,1,0,obstacle_collision,,,158.99999999999991,682.1297530528924,
308,1,0,boundary_collision,,,105.00000000000001,631.805349771589,
309,1,0,boundary_collision,,,213.0000000000001,545.5804248687814,
310,1,0,obstacle_collision,,,437.9999999999999,654.0473988939946,
311,1,0,boundary_collision,,,114.00000000000003,628.7527335924672,
312,1,0,obstacle_collision,,,141.0000000000001,620.2781634073539,
313,1,0,obstacle_collision,,,792.0,647.6495966184184,
314,1,0,boundary_collision,,,299.99999999999966,555.4169604900449,
315,1,0,obstacle_collision,,,77.99999999999987,775.4869437972505,
316,1,0,boundary_collision,,,159.00000000000006,642.8973479491108,
317,1,0,obstacle_collision,,,198.00000000000006,573.1605359757422,
318,1,0,boundary_collision,,,453.0,575.2190886957768,
319,1,0,boundary_collision,,,119.99999999999996,631.2289600454022,
320,1,0,boundary_collision,,,125.9999999999998,709.7358663615641,
321,1,0,boundary_collision,,,71.9999999999998,732.5605776998923,
322,1,0,obstacle_collision,,,836.9999999999994,716.0921728381061,
323,1,0,boundary_collision,,,797.9999999999998,720.9056803771211,
324,1,0,obstacle_collision,,,444.00000000000006,597.0393621864474,
325,1,0,boundary_collision,,,83.99999999999997,698.2449426956131,
326,1,0,obstacle_collision,,,372.0000000000002,665.3495322009327,
327,1,0,obstacle_collision,,,255.00000000000006,613.1892040797849,
328,1,0,boundary_collision,,,533.9999999999998,715.5976523158806,
329,1,0,obstacle_collision,,,744.0000000000006,718.8991584360076,
330,1,0,obstacle_collision,,,204.00000000000023,666.7233309252047,
331,1,0,boundary_collision,,,170.99999999999997,693.2135313162893,
332,1,0,boundary_collision,,,78.00000000000003,632.4752959602454,
333,1,0,obstacle_collision,,,188.99999999999977,639.4137940332536,
334,1,0,boundary_collision,,,72.00000000000006,599.0,
335,1,0,obstacle_collision,,,303.0000000000002,693.4010383609185,
336,1,0,boundary_collision,,,749.9999999999999,620.3845581572772,
337,1,0,boundary_collision,,,69.00000000000001,643.0684255971521,
338,1,0,boundary_collision,,,242.99999999999994,626.7902360439256,
339,1,0,boundary_collision,,,588.0,615.8733636065128,
340,1,0,obstacle_collision,,,686.9999999999999,589.9805081525999,
341,1,0,obstacle_collision,,,152.99999999999972,567.3958054127647,
342,1,0,obstacle_collision,,,141.0000000000001,650.969277308845,
343,1,0,boundary_collision,,,107.99999999999994,656.1501352586921,
344,1,0,obstacle_collision,,,80.99999999999993,625.9792328823696,
345,1,0,boundary_collision,,,203.9999999999994,572.734668061922,
346,1,0,boundary_collision,,,882.0,761.0473047058244,
347,1,0,obstacle_collision,,,378.00000000000034,664.476485663714,
348,1,0,boundary_collision,,,303.00000000000006,555.3638447000309,
349,1,0,obstacle_collision,,,69.00000000000009,590.0542347954126,
350,1,0,boundary_collision,,,77.99999999999997,717.8147393304208,
351,1,0,boundary_collision,,,248.99999999999977,541.0924135487394,
352,1,0,boundary_collision,,,140.99999999999997,607.5804473483327,
353,1,0,obstacle_collision,,,474.0000000000001,613.8419992147817,
354,1,0,boundary_collision,,,803.9999999999997,620.2426944350091,
355,1,0,boundary_collision,,,39.0,646.3443354745209,
356,1,0,obstacle_collision,,,594.0000000000003,546.4036969128229,
357,1,0,boundary_collision,,,197.99999999999977,550.6941074680208,
358,1,0,boundary_collision,,,117.00000000000023,564.8451115128819,
359,1,0,obstacle_collision,,,222.00000000000023,684.2813748744006,
360,1,0,boundary_collision,,,122.99999999999999,599.4005338669627,
361,1,0,boundary_collision,,,156.0,670.0455208416813,
362,1,0,boundary_collision,,,93.00000000000009,716.530529705469,
363,1,0,boundary_collision,,,206.99999999999983,636.9693870195019,
364,1,0,obstacle_collision,,,243.0,689.2561207562832,
365,1,0,boundary_collision,,,77.99999999999997,636.6576788196306,
366,1,0,obstacle_collision,,,755.9999999999997,604.0480113368473,
367,1,0,obstacle_collision,,,533.9999999999999,602.93449063725,
368,1,0,boundary_collision,,,69.00000000000007,595.4443718770042,
369,1,0,boundary_collision,,,240.00000000000043,527.0379492977712,
370,1,0,boundary_collision,,,38.99999999999997,717.5966833814102,
371,1,0,obstacle_collision,,,443.9999999999998,603.8418667167755,
372,1,0,boundary_collision,,,96.00000000000003,722.6354544305171,
373,1,0,boundary_collision,,,927.0,606.4363115777287,
374,1,0,obstacle_collision,,,707.9999999999995,628.4011457659828,
375,1,0,boundary_collision,,,140.9999999999999,595.1209961007929,
376,1,0,obstacle_collision,,,294.0,611.4981602588841,
377,1,0,obstacle_collision,,,939.0000000000002,593.8560431619771,
378,1,0,boundary_collision,,,240.0,690.0007246373007,
379,1,0,boundary_collision,,,378.0000000000007,655.8818491161346,
380,1,0,obstacle_collision,,,372.0000000000002,657.5598832045641,
381,1,0,obstacle_collision,,,114.0,665.1924533546663,
382,1,0,obstacle_collision,,,143.9999999999996,582.589048987363,
383,1,0,obstacle_collision,,,666.0000000000003,620.2225407061566,
384,1,0,boundary_collision,,,522.0000000000001,633.4263966713102,
385,1,0,boundary_collision,,,93.00000000000011,688.6101945222711,
386,1,0,boundary_collision,,,117.0,694.5732502767437,
387,1,0,obstacle_collision,,,275.9999999999994,652.9471647844105,
388,1,0,boundary_collision,,,198.00000000000006,750.6030908542809,
389,1,0,boundary_collision,,,453.00000000000017,589.3700026299268,
390,1,0,boundary_collision,,,156.00000000000006,791.794165171732,
391,1,0,boundary_collision,,,66.0000000000001,646.2422146532986,
392,1,0,boundary_collision,,,153.00000000000014,687.904789923722,
393,1,0,boundary_collision,,,93.0,640.7261505510759,
394,1,0,boundary_collision,,,240.00000000000026,654.7136778775895,
395,1,0,obstacle_collision,,,240.00000000000003,699.2317212483999,
396,1,0,boundary_collision,,,60.00000000000004,663.1477964978848,
397,1,0,obstacle_collision,,,684.0000000000007,735.4352452799634,
398,1,0,obstacle_collision,,,557.9999999999999,702.7061974965071,
399,1,0,boundary_collision,,,758.9999999999993,656.3687987709349,
400,1,0,boundary_collision,,,731.9999999999997,624.4397488949594,
401,1,0,obstacle_collision,,,605.9999999999999,667.0067465925663,
402,1,0,obstacle_collision,,,207.00000000000006,541.7102546564907,
403,1,0,obstacle_collision,,,434.99999999999983,750.5144901998895,
404,1,0,obstacle_collision,,,479.9999999999999,643.8167441127949,
405,1,0,boundary_collision,,,845.9999999999984,652.3434678143102,
406,1,0,boundary_collision,,,129.00000000000006,619.7241321749541,
407,1,0,obstacle_collision,,,450.0000000000001,595.6047347024703,
408,1,0,boundary_collision,,,137.99999999999997,576.9272051134354,
409,1,0,obstacle_collision,,,204.0000000000003,605.2999256566945,
410,1,0,obstacle_collision,,,452.9999999999999,651.1689488911461,
411,1,0,boundary_collision,,,321.0000000000003,647.47200711691,
412,1,0,boundary_collision,,,152.99999999999977,668.4496989302935,
413,1,0,obstacle_collision,,,272.99999999999994,707.1576910421041,
414,1,0,boundary_collision,,,177.00000000000023,655.2266783335367,
415,1,0,obstacle_collision,,,384.0000000000002,687.4656355047865,
416,1,0,boundary_collision,,,69.00000000000004,639.3512336736358,
417,1,0,boundary_collision,,,414.0000000000006,609.8237450280204,
418,1,0,obstacle_collision,,,276.0,605.0826389841309,
419,1,0,obstacle_collision,,,545.9999999999995,698.6250782787574,
420,1,0,boundary_collision,,,78.0,653.4347710368648,
421,1,0,boundary_collision,,,86.99999999999987,771.6812813590855,
422,1,0,boundary_collision,,,687.0,585.328967333755,
423,1,0,boundary_collision,,,932.9999999999997,542.6619573915239,
424,1,0,obstacle_collision,,,348.0000000000001,583.3223808495608,
425,1,0,boundary_collision,,,81.00000000000003,576.1735849550897,
426,1,0,obstacle_collision,,,495.0000000000004,704.9538992019266,
427,1,0,boundary_collision,,,41.999999999999986,609.8196454690518,
428,1,0,boundary_collision,,,45.00000000000001,668.9162877371128,
429,1,0,boundary_collision,,,314.9999999999997,682.0337235063968,
430,1,0,boundary_collision,,,86.99999999999997,683.7909037125311,
431,1,0,boundary_collision,,,90.0,630.8890552228656,
432,1,0,obstacle_collision,,,62.99999999999995,575.5006516069291,
433,1,0,obstacle_collision,,,462.0000000000003,739.0433004905734,
434,1,0,obstacle_collision,,,399.0,648.7873303325213,
435,1,0,obstacle_collision,,,638.9999999999999,652.2146885803784,
436,1,0,obstacle_collision,,,356.9999999999998,653.6818798161687,
437,1,0,obstacle_collision,,,1070.9999999999998,583.0651764597162,
438,1,0,obstacle_collision,,,182.99999999999977,686.680420574229,
439,1,0,obstacle_collision,,,155.99999999999991,631.3065816225901,
440,1,0,obstacle_collision,,,164.99999999999986,658.7746200332857,
441,0,1,success,,,864.0000000000002,669.6723079238084,1.2901832579559216
442,1,0,obstacle_collision,,,327.0000000000006,550.0145452622139,
443,1,0,obstacle_collision,,,141.0,633.0655574267171,
444,1,0,boundary_collision,,,678.0,629.7825021386352,
445,1,0,obstacle_collision,,,92.99999999999997,623.6104553324936,
446,0,1,success,,,935.9999999999991,606.4321891192782,1.543453689948999
447,1,0,obstacle_collision,,,110.99999999999996,591.121814857141,
448,0,1,success,,,611.9999999999989,615.7661893933443,0.993883734673617
449,0,1,success,,,606.0000000000006,575.6405128202844,1.052740358789157
450,1,0,obstacle_collision,,,290.99999999999994,605.5030966064501,
451,1,0,obstacle_collision,,,176.9999999999998,563.0008880987667,
452,1,0,obstacle_collision,,,78.00000000000006,556.9748647829631,
453,1,0,boundary_collision,,,66.00000000000009,642.0358245456401,
454,1,0,boundary_collision,,,189.00000000000009,700.4662732780216,
455,1,0,obstacle_collision,,,68.99999999999993,590.7088961578283,
456,1,0,obstacle_collision,,,189.00000000000009,665.0187967268294,
457,1,0,boundary_collision,,,153.00000000000006,614.47945449787,
458,1,0,boundary_collision,,,38.99999999999993,619.8790204547981,
459,1,0,obstacle_collision,,,65.99999999999994,641.7180066041469,
460,1,0,obstacle_collision,,,74.99999999999982,519.2119027911436,
461,1,0,obstacle_collision,,,194.9999999999999,650.4552252077002,
462,1,0,boundary_collision,,,134.99999999999997,645.4215676594639,
463,1,0,boundary_collision,,,57.00000000000007,682.1502766986172,
464,1,0,boundary_collision,,,396.00000000000034,589.376789498874,
465,1,0,boundary_collision,,,51.00000000000002,709.7358663615641,
466,1,0,boundary_collision,,,68.99999999999997,671.2749064280595,
467,1,0,boundary_collision,,,278.9999999999991,625.4318508039065,
468,1,0,obstacle_collision,,,204.00000000000009,601.4790104400984,
469,1,0,boundary_collision,,,128.99999999999991,625.0383988204245,
470,0,1,success,,,698.9999999999992,693.3108970728788,1.0082057024505737
471,1,0,obstacle_collision,,,212.99999999999991,685.0751783563611,
472,1,0,obstacle_collision,,,168.00000000000026,559.1082185051478,
473,1,0,obstacle_collision,,,218.99999999999955,522.0900305502873,
474,1,0,boundary_collision,,,45.0,741.5618652546799,
475,1,0,boundary_collision,,,84.00000000000004,646.6784363190101,
476,1,0,boundary_collision,,,63.00000000000001,720.9507611480828,
477,1,0,boundary_collision,,,77.99999999999997,588.7147017019364,
478,1,0,boundary_collision,,,725.9999999999999,592.095431497322,
479,0,1,success,,,755.9999999999998,702.0840405535508,1.0767941675528465
480,1,0,boundary_collision,,,41.999999999999964,698.3845645487878,
481,1,0,obstacle_collision,,,186.0,620.9218952493139,
482,1,0,obstacle_collision,,,578.9999999999997,645.0193795538239,
483,1,0,boundary_collision,,,377.9999999999997,581.2297308293855,
484,1,0,boundary_collision,,,60.00000000000001,671.8005656442989,
485,1,0,obstacle_collision,,,354.0000000000001,600.2207927088165,
486,1,0,boundary_collision,,,69.00000000000006,643.268217775447,
487,1,0,obstacle_collision,,,801.0000000000001,646.0874553804616,
488,1,0,obstacle_collision,,,198.00000000000006,665.1443452364306,
489,1,0,boundary_collision,,,117.00000000000006,651.9401813050029,
490,1,0,obstacle_collision,,,329.9999999999999,666.0908346464468,
491,1,0,boundary_collision,,,120.0,626.2092302098397,
492,1,0,obstacle_collision,,,384.0,640.6309389968611,
493,1,0,boundary_collision,,,198.00000000000006,636.2279465726101,
494,1,0,obstacle_collision,,,104.99999999999987,659.7764773012145,
495,1,0,obstacle_collision,,,389.99999999999983,628.4210372035615,
496,1,0,boundary_collision,,,80.99999999999979,687.904789923722,
497,1,0,boundary_collision,,,117.0,587.6265821080596,
498,1,0,boundary_collision,,,257.99999999999994,568.0140843324222,
499,1,0,obstacle_collision,,,353.9999999999999,567.8679423950607,
500,1,0,boundary_collision,,,279.0000000000001,624.0488762909521,
501,1,0,boundary_collision,,,119.99999999999947,579.0069084216526,
502,1,0,obstacle_collision,,,105.0000000000003,587.3882872512867,
503,1,0,boundary_collision,,,261.0,612.8507159170168,
504,1,0,boundary_collision,,,348.0000000000001,633.7799302597077,
505,1,0,boundary_collision,,,690.0000000000007,553.0009041583928,
506,1,0,obstacle_collision,,,138.0,618.6800465507191,
507,0,1,success,,,819.0000000000002,634.1963418374471,1.2913981774589307
508,1,0,obstacle_collision,,,146.99999999999986,703.4123968199593,
509,1,0,boundary_collision,,,257.9999999999999,625.7036039531816,
510,1,0,obstacle_collision,,,408.0,677.7381500255095,
511,1,0,obstacle_collision,,,114.00000000000014,574.1611272108205,
512,1,0,obstacle_collision,,,278.99999999999966,592.7807351795434,
513,0,1,success,,,641.9999999999993,639.038340007859,1.0046345575949385
514,1,0,boundary_collision,,,251.99999999999991,707.7654978875419,
515,1,0,obstacle_collision,,,144.0,683.0592946443229,
516,1,0,obstacle_collision,,,191.99999999999974,648.8335687986558,
517,1,0,boundary_collision,,,129.00000000000009,605.4172115161576,
518,1,0,obstacle_collision,,,98.99999999999994,626.0239612027642,
519,1,0,obstacle_collision,,,453.0,641.6556709014578,
520,1,0,boundary_collision,,,156.00000000000023,591.711078145407,
521,1,0,obstacle_collision,,,330.0000000000003,572.0568153601529,
522,1,0,obstacle_collision,,,305.9999999999996,618.6582255171267,
523,1,0,obstacle_collision,,,428.9999999999998,673.4998144023501,
524,1,0,obstacle_collision,,,330.00000000000006,612.0204244957843,
525,1,0,boundary_collision,,,1032.0000000000002,542.7752757817917,
526,1,0,boundary_collision,,,62.99999999999998,722.1807253035767,
527,1,0,obstacle_collision,,,210.00000000000009,674.3070517205051,
528,1,0,obstacle_collision,,,156.0000000000001,576.1466827119635,
529,1,0,obstacle_collision,,,137.99999999999991,686.2863833706742,
530,1,0,obstacle_collision,,,198.00000000000009,542.1116121242931,
531,1,0,obstacle_collision,,,89.99999999999996,704.9113419430844,
532,1,0,boundary_collision,,,177.00000000000026,702.2001139276467,
533,0,1,success,,,663.0,601.2071190529932,1.1027813526964574
534,1,0,boundary_collision,,,81.00000000000006,620.4135717406575,
535,1,0,obstacle_collision,,,285.0,518.6520991955975,
536,1,0,boundary_collision,,,135.00000000000003,691.5171725994952,
537,1,0,obstacle_collision,,,399.00000000000034,631.6462617636552,
538,1,0,obstacle_collision,,,374.99999999999994,578.2058456985712,
539,1,0,boundary_collision,,,92.9999999999999,707.3931014648078,
540,1,0,boundary_collision,,,191.99999999999991,686.201865342845,
541,1,0,boundary_collision,,,84.00000000000001,613.8419992147817,
542,1,0,boundary_collision,,,138.0,549.8590728541269,
543,1,0,obstacle_collision,,,602.999999999999,541.2365471769252,
544,0,1,success,,,660.0000000000003,620.8196195353365,1.0631107317355548
545,1,0,obstacle_collision,,,206.99999999999997,605.2511875246508,
546,1,0,boundary_collision,,,128.9999999999998,566.5933285876212,
547,1,0,obstacle_collision,,,351.00000000000034,600.0808278890436,
548,0,1,success,,,683.9999999999999,685.1861061054872,0.9982689285510633
549,1,0,obstacle_collision,,,353.99999999999994,571.161098115059,
550,1,0,obstacle_collision,,,138.00000000000009,519.1387097876636,
551,1,0,obstacle_collision,,,558.0000000000006,709.8908366784291,
552,1,0,boundary_collision,,,167.99999999999994,696.2506732492257,
553,1,0,boundary_collision,,,66.00000000000001,804.6179217491989,
554,1,0,obstacle_collision,,,59.99999999999999,667.9910179036841,
555,1,0,obstacle_collision,,,263.99999999999994,634.20580255939,
556,1,0,obstacle_collision,,,578.9999999999995,545.2063829413592,
557,1,0,obstacle_collision,,,276.0,617.5597137119616,
558,1,0,obstacle_collision,,,167.99999999999983,720.6510944971915,
559,1,0,boundary_collision,,,138.00000000000028,640.9773786960036,
560,1,0,obstacle_collision,,,173.99999999999997,553.8637016450889,
561,1,0,boundary_collision,,,45.00000000000002,611.3370592398272,
562,1,0,boundary_collision,,,72.00000000000001,672.4053836786259,
563,1,0,obstacle_collision,,,486.0000000000004,578.0077854146949,
564,0,1,success,,,627.0,635.9787732306795,0.9858819608316978
565,1,0,boundary_collision,,,59.99999999999997,600.0041666521992,
566,1,0,obstacle_collision,,,287.9999999999996,755.5640277302778,
567,1,0,boundary_collision,,,1004.9999999999998,646.5554887246724,
568,1,0,boundary_collision,,,861.0000000000002,723.6083194657176,
569,1,0,obstacle_collision,,,350.9999999999993,659.3519545735797,
570,1,0,boundary_collision,,,170.99999999999994,530.8295394945537,
571,1,0,boundary_collision,,,59.999999999999886,619.4941484792249,
572,1,0,obstacle_collision,,,896.9999999999998,634.502167056977,
573,0,1,success,,,756.0000000000001,716.1955040350365,1.0555776959513228
574,1,0,boundary_collision,,,63.00000000000036,603.702741421637,
575,1,0,boundary_collision,,,138.0000000000001,564.6459067415614,
576,1,0,boundary_collision,,,108.00000000000003,532.634959423431,
577,1,0,boundary_collision,,,71.99999999999993,658.5590330410782,
578,1,0,boundary_collision,,,78.00000000000001,607.4742792909013,
579,1,0,obstacle_collision,,,200.99999999999991,715.1873880319758,
580,1,0,boundary_collision,,,122.99999999999982,581.743070435738,
581,1,0,boundary_collision,,,120.0,627.9140068512567,
582,1,0,obstacle_collision,,,291.00000000000006,634.5273831758564,
583,1,0,obstacle_collision,,,288.00000000000006,623.9503185350577,
584,0,1,success,,,593.9999999999997,534.6335193382472,1.1110414489821634
585,1,0,obstacle_collision,,,312.0,579.4290293038484,
586,1,0,obstacle_collision,,,321.0,645.7321426102312,
587,1,0,boundary_collision,,,144.0000000000001,590.0381343608225,
588,1,0,boundary_collision,,,120.00000000000009,545.542848912897,
589,1,0,obstacle_collision,,,252.0,550.7749086514381,
590,1,0,obstacle_collision,,,465.0000000000005,788.0133247604383,
591,1,0,obstacle_collision,,,372.00000000000006,585.5083261577072,
592,1,0,obstacle_collision,,,876.0000000000011,610.5317354568884,
593,1,0,boundary_collision,,,72.00000000000001,710.1774426155762,
594,1,0,obstacle_collision,,,272.9999999999999,671.0745115112032,
595,1,0,obstacle_collision,,,177.00000000000037,622.9068951296013,
596,1,0,obstacle_collision,,,140.9999999999999,558.8962336605964,
597,1,0,boundary_collision,,,216.00000000000006,611.2552658259887,
598,0,1,success,,,678.0,560.2222773149957,1.2102339150979202
599,1,0,obstacle_collision,,,429.0,628.4345630214812,
600,1,0,boundary_collision,,,84.00000000000001,657.0190255997157,
601,1,0,boundary_collision,,,105.0000000000001,676.9933529954337,
602,1,0,obstacle_collision,,,224.99999999999991,669.546114916665,
603,1,0,boundary_collision,,,288.00000000000017,699.5141170841372,
604,1,0,boundary_collision,,,153.00000000000003,517.3867025736166,
605,1,0,boundary_collision,,,71.99999999999989,640.1156145572454,
606,0,1,success,,,575.9999999999991,570.1096385784053,1.0103319800666442
607,1,0,boundary_collision,,,762.0000000000001,692.7106177907193,
608,1,0,boundary_collision,,,74.99999999999999,584.3706015877253,
609,1,0,boundary_collision,,,710.9999999999993,543.6616594905328,
610,1,0,obstacle_collision,,,198.00000000000006,660.1128691367863,
611,1,0,boundary_collision,,,72.00000000000021,645.752274483025,
612,1,0,obstacle_collision,,,596.9999999999998,702.9110896834677,
613,1,0,boundary_collision,,,80.9999999999999,588.8166098200695,
614,1,0,boundary_collision,,,66.0,747.7031496523202,
615,1,0,boundary_collision,,,54.0,660.3029607687671,
616,1,0,boundary_collision,,,204.00000000000003,598.5465729581952,
617,1,0,obstacle_collision,,,134.9999999999999,637.8542153188297,
618,1,0,boundary_collision,,,69.00000000000006,691.3645926716235,
619,1,0,obstacle_collision,,,264.00000000000006,644.3888577559361,
620,0,1,success,,,663.0000000000001,613.6521816143082,1.0804165940645314
621,1,0,boundary_collision,,,123.00000000000003,577.9965397820301,
622,0,1,success,,,632.9999999999999,555.9469399142332,1.1385978670871968
623,1,0,obstacle_collision,,,272.99999999999994,594.1422388620422,
624,1,0,boundary_collision,,,62.99999999999999,624.2891958059181,
625,1,0,obstacle_collision,,,822.0000000000002,597.0142376861711,
626,1,0,boundary_collision,,,233.99999999999952,551.2721650872643,
627,1,0,obstacle_collision,,,611.9999999999999,640.3444385641216,
628,1,0,obstacle_collision,,,417.00000000000017,652.3411684080654,
629,1,0,boundary_collision,,,60.00000000000001,670.8800190794178,
630,1,0,boundary_collision,,,41.999999999999986,633.2850858815483,
631,1,0,boundary_collision,,,113.99999999999999,618.3283917143058,
632,1,0,obstacle_collision,,,474.00000000000006,680.1543942370732,
633,1,0,boundary_collision,,,59.99999999999998,688.3778032447008,
634,0,1,success,,,806.9999999999997,618.5547671791076,1.3046540788623915
635,1,0,obstacle_collision,,,590.9999999999997,674.5465143338894,
636,1,0,obstacle_collision,,,135.00000000000037,614.3940103874711,
637,0,1,success,,,606.0000000000002,585.1580982948112,1.0356175566328547
638,1,0,boundary_collision,,,212.99999999999997,652.2852136910662,
639,1,0,boundary_collision,,,122.99999999999994,573.7054993635672,
640,1,0,obstacle_collision,,,120.00000000000006,689.7318319463008,
641,0,1,success,,,588.0,600.0,0.98
642,1,0,obstacle_collision,,,96.00000000000037,621.9686487275706,
643,1,0,obstacle_collision,,,428.99999999999966,632.0166137056841,
644,1,0,boundary_collision,,,69.00000000000001,643.6621784756348,
645,1,0,boundary_collision,,,54.00000000000003,682.794258909666,
646,1,0,obstacle_collision,,,116.99999999999996,639.6350521977356,
647,0,1,success,,,597.0000000000002,615.9780840257224,0.9691903258932671
648,1,0,obstacle_collision,,,197.99999999999977,638.1230288901976,
649,1,0,boundary_collision,,,90.0,677.5846810547004,
650,1,0,boundary_collision,,,80.99999999999966,628.0199041431729,
651,1,0,obstacle_collision,,,800.9999999999997,765.4443154142566,
652,1,0,boundary_collision,,,180.00000000000003,698.8569238406385,
653,1,0,obstacle_collision,,,210.0000000000003,592.0819200076962,
654,1,0,obstacle_collision,,,392.99999999999994,566.4282831921442,
655,1,0,boundary_collision,,,765.0,645.4471318396263,
656,0,1,success,,,735.0000000000003,620.7350481485639,1.1840800711869726
657,1,0,obstacle_collision,,,98.9999999999999,552.268050859363,
658,1,0,obstacle_collision,,,107.99999999999979,537.2559911252736,
659,1,0,boundary_collision,,,215.99999999999997,676.9911373127421,
660,1,0,obstacle_collision,,,593.9999999999994,581.1239110551209,
661,1,0,boundary_collision,,,180.00000000000014,648.6447409792205,
662,1,0,boundary_collision,,,110.99999999999991,611.657583947097,
663,1,0,obstacle_collision,,,476.99999999999994,648.205214419014,
664,1,0,obstacle_collision,,,564.0,677.5787777078027,
665,1,0,boundary_collision,,,102.00000000000018,683.5736975630352,
666,1,0,obstacle_collision,,,116.99999999999994,578.7235955099809,
667,1,0,obstacle_collision,,,101.99999999999983,556.8850868895664,
668,1,0,obstacle_collision,,,228.00000000000009,649.4004927623631,
669,1,0,obstacle_collision,,,239.9999999999997,544.2646415118293,
670,1,0,boundary_collision,,,87.00000000000003,732.4274708119569,
671,1,0,boundary_collision,,,87.00000000000001,632.1526714330961,
672,1,0,obstacle_collision,,,246.00000000000043,617.0380863447572,
673,1,0,obstacle_collision,,,567.0000000000003,576.1397399936928,
674,0,1,success,,,599.9999999999993,584.410814410548,1.0266750463972418
675,1,0,obstacle_collision,,,131.99999999999983,610.9541717674084,
676,1,0,boundary_collision,,,275.99999999999983,656.7746950058292,
677,1,0,obstacle_collision,,,398.9999999999997,565.4095860524475,
678,1,0,boundary_collision,,,138.00000000000003,654.782406605431,
679,1,0,boundary_collision,,,677.9999999999992,523.1156659860227,
680,1,0,boundary_collision,,,267.0,595.9362382000276,
681,1,0,boundary_collision,,,75.00000000000007,761.2837841436004,
682,1,0,obstacle_collision,,,767.9999999999999,670.5356068099591,
683,1,0,obstacle_collision,,,291.0,597.4052226085741,
684,1,0,obstacle_collision,,,191.99999999999991,770.7515812504053,
685,1,0,boundary_collision,,,81.00000000000014,642.4772369508511,
686,1,0,boundary_collision,,,47.99999999999999,621.3541663174071,
687,0,1,success,,,686.9999999999995,639.5318600351354,1.0742232606867408
688,1,0,obstacle_collision,,,563.9999999999998,616.9359772294042,
689,1,0,boundary_collision,,,53.99999999999988,701.0370888904523,
690,1,0,boundary_collision,,,525.0000000000003,651.0030721893714,
691,1,0,boundary_collision,,,56.99999999999999,686.1428422711994,
692,1,0,obstacle_collision,,,741.0000000000005,702.4371858038269,
693,1,0,obstacle_collision,,,249.00000000000014,623.810868773541,
694,1,0,obstacle_collision,,,281.9999999999998,535.680875148628,
695,1,0,obstacle_collision,,,300.0000000000002,733.4984662560652,
696,1,0,obstacle_collision,,,966.0,659.8128522543343,
697,0,1,success,,,773.9999999999994,720.2201052456116,1.0746714710720935
698,1,0,boundary_collision,,,89.99999999999996,721.666127790407,
699,1,0,boundary_collision,,,86.99999999999969,664.4975545477952,
700,1,0,obstacle_collision,,,158.99999999999994,670.8800190794178,
701,0,1,success,,,596.9999999999999,604.8842864548558,0.9869656285815183
702,1,0,obstacle_collision,,,258.0000000000006,556.9245909456683,
703,0,1,success,,,579.0000000000005,518.5103663380319,1.1166604133475195
704,1,0,obstacle_collision,,,356.99999999999994,609.6441585055991,
705,0,1,success,,,663.0000000000001,659.4095844010761,1.0054448944690197
706,1,0,obstacle_collision,,,159.0000000000001,653.0191421390341,
707,1,0,obstacle_collision,,,761.999999999999,661.6350958043263,
708,1,0,obstacle_collision,,,704.9999999999997,568.7829111356986,
709,1,0,obstacle_collision,,,167.99999999999972,568.7468681232451,
710,1,0,boundary_collision,,,144.00000000000006,618.1464227834697,
711,1,0,boundary_collision,,,48.00000000000001,674.0066765247952,
712,1,0,obstacle_collision,,,815.9999999999998,586.2124188380864,
713,1,0,obstacle_collision,,,167.99999999999997,589.8762582101436,
714,1,0,boundary_collision,,,839.9999999999994,726.366987135291,
715,1,0,boundary_collision,,,153.00000000000017,580.8313008094519,
716,1,0,obstacle_collision,,,518.9999999999994,667.6166564728594,
717,1,0,obstacle_collision,,,480.0000000000003,675.7492138360207,
718,1,0,boundary_collision,,,81.00000000000007,659.0758681669357,
719,0,1,success,,,702.0000000000003,712.0238760041689,0.9859219945538599
720,1,0,boundary_collision,,,83.99999999999996,626.7902360439256,
721,1,0,obstacle_collision,,,294.00000000000017,658.0341936404217,
722,1,0,boundary_collision,,,47.99999999999996,781.7582746603965,
723,0,1,success,,,725.9999999999999,605.537777516812,1.1989342811561305
724,0,1,success,,,653.9999999999998,642.0918937348454,1.0185457975429166
725,1,0,obstacle_collision,,,357.0,516.7591315109971,
726,1,0,obstacle_collision,,,636.0000000000002,650.3422176054696,
727,1,0,obstacle_collision,,,204.0000000000004,613.0905316509137,
728,1,0,boundary_collision,,,71.99999999999994,684.965692571533,
729,1,0,obstacle_collision,,,632.9999999999999,646.1493635375648,
730,1,0,obstacle_collision,,,60.00000000000014,551.5432893255071,
731,1,0,boundary_collision,,,74.99999999999999,671.9598202273704,
732,1,0,obstacle_collision,,,173.9999999999998,677.2296508570781,
733,1,0,obstacle_collision,,,116.99999999999969,627.3308536968351,
734,1,0,obstacle_collision,,,255.00000000000023,608.9269250082476,
735,1,0,boundary_collision,,,60.00000000000007,603.6033465778664,
736,1,0,obstacle_collision,,,78.0,601.7516098856737,
737,1,0,obstacle_collision,,,107.99999999999993,665.674094433605,
738,1,0,obstacle_collision,,,290.9999999999999,555.0441423886932,
739,1,0,boundary_collision,,,62.99999999999998,717.1394564518117,
740,1,0,obstacle_collision,,,918.0000000000003,610.9042478163005,
741,1,0,boundary_collision,,,255.00000000000026,554.9234181398367,
742,1,0,obstacle_collision,,,377.9999999999992,654.404309276765,
743,1,0,obstacle_collision,,,300.0000000000003,548.3885483851756,
744,1,0,obstacle_collision,,,270.0,640.3631782043686,
745,1,0,boundary_collision,,,110.99999999999997,645.6903282534129,
746,1,0,obstacle_collision,,,465.00000000000006,556.3200517687637,
747,1,0,obstacle_collision,,,146.9999999999999,612.0147057056718,
748,0,1,success,,,621.0,606.320872146094,1.0242101641692603
749,1,0,obstacle_collision,,,275.99999999999994,596.657355607052,
750,1,0,boundary_collision,,,762.0,610.151620501003,
751,1,0,boundary_collision,,,1092.0,629.7626537037585,
752,1,0,obstacle_collision,,,110.99999999999993,597.4027117447661,
753,1,0,obstacle_collision,,,555.0000000000002,640.4568681808323,
754,0,1,success,,,660.0000000000002,656.5972890592833,1.005182340831154
755,1,0,obstacle_collision,,,593.9999999999997,722.2222649572637,
756,1,0,boundary_collision,,,111.00000000000007,718.7523913003698,
757,1,0,obstacle_collision,,,195.00000000000014,680.4851210717248,
758,0,1,success,,,771.0,593.0,1.300168634064081
759,1,0,obstacle_collision,,,470.9999999999999,648.2237268104277,
760,1,0,boundary_collision,,,108.00000000000006,549.2831692305891,
761,1,0,obstacle_collision,,,102.00000000000006,590.9077762223137,
762,1,0,obstacle_collision,,,575.9999999999998,620.8550555483945,
763,1,0,boundary_collision,,,251.99999999999912,593.5537043941348,
764,1,0,obstacle_collision,,,117.00000000000006,670.9075942333639,
765,1,0,boundary_collision,,,138.00000000000006,549.2585911936198,
766,1,0,obstacle_collision,,,264.00000000000006,651.6417727555531,
767,1,0,obstacle_collision,,,402.0,694.9935251496952,
768,1,0,boundary_collision,,,126.00000000000003,596.657355607052,
769,1,0,obstacle_collision,,,258.0000000000004,667.0187403664158,
770,0,1,success,,,756.0000000000002,648.9845914965932,1.1648966861549421
771,1,0,obstacle_collision,,,318.00000000000017,593.6472016273639,
772,1,0,boundary_collision,,,209.99999999999983,603.0663313434103,
773,1,0,obstacle_collision,,,243.00000000000009,598.0844421985912,
774,1,0,obstacle_collision,,,272.99999999999994,625.2175621333745,
775,0,1,success,,,584.9999999999994,572.330324200981,1.022136998972938
776,1,0,boundary_collision,,,62.99999999999995,733.8698794745565,
777,0,1,success,,,536.9999999999998,546.0329660377658,0.983457104974242
778,0,1,success,,,588.0000000000003,579.9879309089113,1.0138141996826264
779,1,0,boundary_collision,,,122.99999999999993,694.1037386443038,
780,1,0,obstacle_collision,,,68.99999999999989,644.4850657695646,
781,1,0,obstacle_collision,,,692.9999999999999,740.3147979069445,
782,1,0,boundary_collision,,,266.99999999999983,561.1211990292294,
783,1,0,obstacle_collision,,,342.0000000000002,629.8650649147006,
784,1,0,obstacle_collision,,,387.0000000000002,678.4725491867744,
785,1,0,boundary_collision,,,128.99999999999997,606.7124524847005,
786,1,0,boundary_collision,,,225.0000000000001,625.8066794146575,
787,1,0,obstacle_collision,,,222.00000000000028,615.958602505071,
788,0,1,success,,,720.0,691.3327708130145,1.041466614049371
789,1,0,obstacle_collision,,,935.9999999999999,654.752625042466,
790,1,0,obstacle_collision,,,387.00000000000006,698.0257874892588,
791,0,1,success,,,711.0000000000011,707.1067811865476,1.005505842847272
792,1,0,obstacle_collision,,,117.00000000000003,684.6933620241983,
793,1,0,boundary_collision,,,201.00000000000009,649.1378898200289,
794,1,0,obstacle_collision,,,623.9999999999989,697.9061541496823,
795,1,0,obstacle_collision,,,116.99999999999982,658.0007598779807,
796,1,0,boundary_collision,,,177.00000000000006,590.0305076858315,
797,1,0,boundary_collision,,,170.9999999999999,665.6613252998856,
798,0,1,success,,,714.0000000000002,625.0127998689306,1.1423766043667118
799,1,0,boundary_collision,,,279.00000000000017,673.8820371548718,
800,1,0,obstacle_collision,,,323.9999999999999,673.4010692002204,
801,1,0,boundary_collision,,,159.00000000000026,574.8782479795178,
802,1,0,boundary_collision,,,329.99999999999983,701.3957513415661,
803,1,0,obstacle_collision,,,591.0000000000006,739.9249961989391,
804,1,0,obstacle_collision,,,188.99999999999991,654.2858702432752,
805,1,0,boundary_collision,,,173.99999999999963,628.3351016774409,
806,0,1,success,,,783.0000000000009,640.6309389968611,1.2222325715740017
807,1,0,obstacle_collision,,,191.99999999999994,722.39116827381,
808,1,0,boundary_collision,,,146.99999999999994,593.1509082855728,
809,1,0,boundary_collision,,,155.99999999999997,670.5438091579102,
810,1,0,obstacle_collision,,,153.00000000000003,634.5975102377885,
811,1,0,boundary_collision,,,120.00000000000006,652.1134870557424,
812,1,0,obstacle_collision,,,440.99999999999983,536.9543742255947,
813,1,0,boundary_collision,,,233.9999999999999,746.7261881037788,
814,0,1,success,,,642.0,640.6629379010463,1.0020869977329017
815,1,0,obstacle_collision,,,227.99999999999991,695.7657651825074,
816,1,0,obstacle_collision,,,155.99999999999997,591.9476328189851,
817,1,0,boundary_collision,,,168.00000000000003,582.7941317480813,
818,1,0,boundary_collision,,,113.99999999999957,626.5221464561329,
819,1,0,boundary_collision,,,183.00000000000009,550.5724293859982,
820,1,0,obstacle_collision,,,213.00000000000006,652.1748231877707,
821,1,0,boundary_collision,,,72.00000000000001,578.788389655494,
822,1,0,boundary_collision,,,90.0,655.5150646628955,
823,1,0,obstacle_collision,,,438.0000000000003,711.2945943840709,
824,1,0,obstacle_collision,,,419.9999999999999,646.6134857857513,
825,1,0,obstacle_collision,,,116.99999999999979,638.4238404069823,
826,1,0,boundary_collision,,,237.00000000000026,615.8766110187981,
827,1,0,obstacle_collision,,,74.99999999999993,544.778854215176,
828,1,0,obstacle_collision,,,425.99999999999943,569.72010671908,
829,1,0,obstacle_collision,,,564.0,668.4579268734869,
830,1,0,boundary_collision,,,47.99999999999997,664.8443426848122,
831,1,0,obstacle_collision,,,144.00000000000054,732.8471873453565,
832,1,0,boundary_collision,,,201.00000000000023,621.2567907073532,
833,1,0,obstacle_collision,,,90.00000000000021,537.3453265824502,
834,1,0,boundary_collision,,,185.99999999999955,679.7955575024008,
835,1,0,boundary_collision,,,153.00000000000003,553.2061098722609,
836,1,0,obstacle_collision,,,147.00000000000014,650.0346144629531,
837,1,0,obstacle_collision,,,660.0000000000002,534.1095393269062,
838,1,0,boundary_collision,,,245.99999999999952,661.4000302388865,
839,1,0,boundary_collision,,,138.0,681.8108242027256,
840,1,0,boundary_collision,,,68.99999999999996,689.1480247377917,
841,1,0,boundary_collision,,,168.0,638.0478038517177,
842,0,1,success,,,600.0000000000003,613.5552134893811,0.9779071007932763
843,0,1,success,,,587.9999999999997,602.329643965827,0.9762096318695542
844,1,0,boundary_collision,,,57.000000000000014,620.3563492058415,
845,1,0,boundary_collision,,,1146.0000000000005,573.4457254178463,
846,1,0,boundary_collision,,,159.0000000000001,625.614897520831,
847,1,0,boundary_collision,,,185.99999999999991,596.3421836496224,
848,1,0,obstacle_collision,,,356.9999999999992,709.0190406470055,
849,1,0,boundary_collision,,,156.00000000000003,628.6636620642233,
850,1,0,boundary_collision,,,963.0000000000002,603.0829130393266,
851,1,0,boundary_collision,,,260.99999999999983,725.1158528125005,
852,1,0,obstacle_collision,,,287.99999999999994,542.6232578870905,
853,1,0,obstacle_collision,,,605.9999999999997,714.2331552091375,
854,1,0,obstacle_collision,,,281.99999999999983,605.8324850979848,
855,1,0,boundary_collision,,,113.99999999999982,635.4337101539388,
856,1,0,obstacle_collision,,,405.00000000000006,583.112339090848,
857,1,0,boundary_collision,,,75.00000000000004,667.5245313844279,
858,1,0,obstacle_collision,,,192.00000000000009,616.6822520553028,
859,1,0,boundary_collision,,,66.0,757.5150163528114,
860,1,0,boundary_collision,,,101.99999999999993,611.3043431875811,
861,1,0,boundary_collision,,,965.9999999999995,607.4545250469372,
862,1,0,obstacle_collision,,,111.00000000000001,662.9057248206566,
863,1,0,obstacle_collision,,,135.0,615.2080948752218,
864,1,0,boundary_collision,,,110.99999999999996,668.2222684107437,
865,1,0,obstacle_collision,,,227.99999999999997,624.5838614629744,
866,1,0,obstacle_collision,,,296.9999999999998,650.6804131061576,
867,1,0,obstacle_collision,,,356.99999999999955,561.0926839658489,
868,1,0,boundary_collision,,,104.99999999999997,654.673200917832,
869,0,1,success,,,999.0000000000003,667.0899489574101,1.4975491709346394
870,1,0,boundary_collision,,,129.00000000000003,592.9291694629301,
871,1,0,boundary_collision,,,161.9999999999999,664.566776178286,
872,1,0,obstacle_collision,,,504.000000000001,529.1880573104423,
873,1,0,boundary_collision,,,186.0000000000001,654.5303659877057,
874,1,0,boundary_collision,,,224.99999999999991,532.6199395441369,
875,1,0,boundary_collision,,,186.00000000000014,678.1246198155616,
876,1,0,obstacle_collision,,,236.99999999999994,675.0,
877,1,0,obstacle_collision,,,99.00000000000001,694.6682661529891,
878,0,1,success,,,761.9999999999995,635.1983942045193,1.199625198918014
879,1,0,obstacle_collision,,,90.00000000000009,626.039136156838,
880,1,0,obstacle_collision,,,453.0000000000004,581.6012379629191,
881,0,1,success,,,731.999999999999,629.9793647414175,1.1619428206199374
882,1,0,boundary_collision,,,330.0000000000001,563.3125242704976,
883,0,1,success,,,710.9999999999998,692.8816637781664,1.0261492505416252
884,0,1,success,,,695.9999999999998,657.2731547842191,1.058920473069518
885,1,0,boundary_collision,,,138.0000000000001,573.6941693969009,
886,1,0,boundary_collision,,,63.00000000000039,550.2735683276092,
887,1,0,obstacle_collision,,,381.00000000000045,564.142712440744,
888,1,0,boundary_collision,,,122.99999999999977,575.418108856508,
889,1,0,boundary_collision,,,186.00000000000006,550.5569906921535,
890,1,0,boundary_collision,,,72.00000000000007,517.3132513284384,
891,1,0,boundary_collision,,,213.00000000000034,664.4704658598454,
892,1,0,boundary_collision,,,125.99999999999994,609.8196454690518,
893,1,0,boundary_collision,,,107.99999999999999,759.9960526213277,
894,0,1,success,,,708.0000000000003,676.0687834828643,1.0472307216325503
895,0,1,success,,,566.9999999999998,568.3388074027674,0.9976443498396919
896,1,0,obstacle_collision,,,165.00000000000017,646.8423300928906,
897,1,0,boundary_collision,,,231.0000000000001,568.000880281008,
898,1,0,obstacle_collision,,,255.00000000000006,751.6947518773827,
899,1,0,boundary_collision,,,144.00000000000026,606.1155005442445,
900,0,1,success,,,618.0000000000001,576.0920065406219,1.0727453132200735
901,1,0,obstacle_collision,,,519.0000000000006,614.1954086445128,
902,0,1,success,,,711.0000000000001,574.7573401010204,1.2370437929075138
903,0,1,success,,,708.0000000000001,616.4778990361293,1.1484596627177823
904,1,0,obstacle_collision,,,285.00000000000006,517.228189487,
905,0,1,success,,,677.9999999999993,663.6904398889591,1.0215605939923353
906,1,0,obstacle_collision,,,219.0,668.9730936293328,
907,1,0,boundary_collision,,,120.00000000000017,606.1394229053246,
908,1,0,obstacle_collision,,,300.00000000000045,557.434301061569,
909,1,0,obstacle_collision,,,75.00000000000006,667.632383876037,
910,1,0,obstacle_collision,,,509.9999999999999,634.2531040523176,
911,1,0,obstacle_collision,,,464.99999999999966,665.1744132180672,
912,1,0,boundary_collision,,,768.000000000001,603.6058316484359,
913,1,0,boundary_collision,,,53.99999999999989,789.3947048213587,
914,1,0,boundary_collision,,,108.0,614.5445467986841,
915,0,1,success,,,627.0,587.412121087061,1.0673937045079662
916,1,0,obstacle_collision,,,206.9999999999999,629.0031796422018,
917,1,0,obstacle_collision,,,176.99999999999974,703.9275530905152,
918,1,0,obstacle_collision,,,593.9999999999994,544.0588203494177,
919,1,0,boundary_collision,,,108.00000000000004,548.6073276944084,
920,0,1,success,,,678.0,636.7495583037337,1.0647828351952928
921,0,1,success,,,563.9999999999997,567.6706791793989,0.9935337876095601
922,1,0,boundary_collision,,,66.00000000000001,555.3017197884408,
923,1,0,obstacle_collision,,,120.00000000000007,582.375308542524,
924,1,0,obstacle_collision,,,921.0000000000001,599.4414066445527,
925,1,0,boundary_collision,,,77.99999999999982,642.5776217703196,
926,1,0,boundary_collision,,,69.00000000000001,673.3327557753298,
927,1,0,boundary_collision,,,101.99999999999979,628.8664405102247,
928,1,0,boundary_collision,,,135.0,684.4158092855541,
929,1,0,boundary_collision,,,111.00000000000001,687.5383625660462,
930,1,0,obstacle_collision,,,177.0000000000001,651.5596672600292,
931,1,0,obstacle_collision,,,81.00000000000041,559.4801158218226,
932,1,0,obstacle_collision,,,369.0000000000002,758.1780793454793,
933,0,1,success,,,711.0000000000009,565.0433611679726,1.2583105100648004
934,1,0,obstacle_collision,,,101.99999999999987,674.0400581567834,
935,0,1,success,,,669.0000000000003,595.859882858378,1.1227471747061817
936,1,0,boundary_collision,,,68.99999999999996,611.6772024524047,
937,1,0,obstacle_collision,,,300.0000000000001,624.3852977128786,
938,1,0,boundary_collision,,,726.0000000000005,643.5720627870666,
939,1,0,obstacle_collision,,,192.00000000000017,601.8180788244899,
940,0,1,success,,,567.0,540.53307021865,1.048964496789519
941,1,0,obstacle_collision,,,422.9999999999999,622.9133166019169,
942,1,0,obstacle_collision,,,137.99999999999991,600.9076468143836,
943,1,0,boundary_collision,,,111.00000000000041,682.2462898396736,
944,1,0,obstacle_collision,,,483.00000000000006,712.1579880897216,
945,1,0,boundary_collision,,,168.00000000000003,687.4896362855225,
946,0,1,success,,,623.9999999999998,631.3049976041691,0.9884287347131859
947,1,0,obstacle_collision,,,156.00000000000006,645.1433949130999,
948,0,1,success,,,645.0,624.347659561562,1.0330782699705174
949,0,1,success,,,680.9999999999999,670.6668323392771,1.0154073038391966
950,1,0,obstacle_collision,,,291.0000000000001,572.1057594536171,
951,1,0,obstacle_collision,,,279.00000000000017,531.5044684666348,
952,1,0,obstacle_collision,,,348.00000000000006,666.8440597321086,
953,1,0,boundary_collision,,,182.99999999999986,648.4080505360803,
954,1,0,boundary_collision,,,68.99999999999993,616.0032467446905,
955,1,0,boundary_collision,,,135.00000000000006,600.0941592783586,
956,1,0,boundary_collision,,,92.99999999999999,672.4499981411258,
957,1,0,boundary_collision,,,144.00000000000006,538.8144393016951,
958,1,0,obstacle_collision,,,149.9999999999998,604.0074502851766,
959,1,0,obstacle_collision,,,450.00000000000006,627.0645899745895,
960,1,0,boundary_collision,,,201.00000000000003,788.1129360694443,
961,1,0,boundary_collision,,,48.00000000000005,749.6805986551873,
962,1,0,boundary_collision,,,144.0000000000001,649.0770370302743,
963,1,0,boundary_collision,,,69.0000000000002,645.0775147220681,
964,1,0,boundary_collision,,,56.999999999999986,601.0207983090103,
965,1,0,obstacle_collision,,,363.0000000000001,598.8731084294902,
966,1,0,obstacle_collision,,,681.0000000000003,593.6977345417447,
967,1,0,boundary_collision,,,137.99999999999983,619.6789491341464,
968,1,0,obstacle_collision,,,203.99999999999986,603.1931697226022,
969,1,0,obstacle_collision,,,239.99999999999991,679.3246646486494,
970,1,0,obstacle_collision,,,411.0000000000001,616.7933203269957,
971,1,0,boundary_collision,,,381.0000000000004,586.9659274608706,
972,1,0,boundary_collision,,,45.000000000000114,526.7409230352242,
973,1,0,obstacle_collision,,,537.0000000000002,583.5357743960519,
974,1,0,boundary_collision,,,111.00000000000003,637.8722442621249,
975,1,0,obstacle_collision,,,314.9999999999998,657.5408732542792,
976,1,0,obstacle_collision,,,417.0000000000002,697.8946911963151,
977,1,0,boundary_collision,,,174.00000000000014,590.3388857258177,
978,1,0,obstacle_collision,,,216.0,557.4172584339311,
979,1,0,boundary_collision,,,65.99999999999997,716.0342170594922,
980,0,1,success,,,642.0000000000001,642.1090250105507,0.9998302079455296
981,1,0,boundary_collision,,,107.99999999999989,672.9309028421864,
982,1,0,obstacle_collision,,,473.9999999999999,711.5511225484786,
983,0,1,success,,,548.9999999999999,540.5783939448561,1.0155788802317596
984,1,0,obstacle_collision,,,278.99999999999983,629.3647591023825,
985,1,0,obstacle_collision,,,222.0000000000003,616.7333297301193,
986,1,0,boundary_collision,,,161.9999999999999,651.0768003853309,
987,1,0,boundary_collision,,,51.000000000000085,658.1565163393886,
988,1,0,obstacle_collision,,,237.0,607.3557441895153,
989,1,0,boundary_collision,,,80.99999999999991,634.2554690343632,
990,1,0,obstacle_collision,,,170.99999999999994,562.1743501797285,
991,1,0,boundary_collision,,,113.99999999999997,756.4238229987208,
992,0,1,success,,,603.0,613.616329639295,0.982698749810756
993,1,0,boundary_collision,,,90.0,588.3068927014199,
994,1,0,boundary_collision,,,45.00000000000051,755.6361558316278,
995,1,0,obstacle_collision,,,255.00000000000014,668.7697660630301,
996,1,0,obstacle_collision,,,539.9999999999992,558.9007067449459,
997,1,0,obstacle_collision,,,635.9999999999998,677.9299373829127,
998,1,0,obstacle_collision,,,179.99999999999994,615.3673699506661,
999,0,1,success,,,719.9999999999998,669.4968259820206,1.0754345234481149
1000,1,0,obstacle_collision,,,444.00000000000006,653.0428776121826,
1001,1,0,obstacle_collision,,,107.99999999999986,583.1063367860103,
1002,1,0,boundary_collision,,,114.00000000000013,670.7734341787844,
1003,1,0,boundary_collision,,,56.99999999999992,615.7962325315087,
1004,0,1,success,,,581.9999999999994,549.0446247801722,1.0600231269598932
1005,0,1,success,,,672.0000000000002,572.4770737767583,1.1738461342506996
1006,1,0,boundary_collision,,,149.99999999999994,604.8222879491132,
1007,1,0,boundary_collision,,,81.0,642.27408479558,
1008,1,0,obstacle_collision,,,210.0,585.9872012254193,
1009,1,0,boundary_collision,,,137.99999999999997,639.4325609475951,
1010,0,1,success,,,624.0000000000002,595.503988231817,1.047851924304981
1011,1,0,obstacle_collision,,,356.99999999999994,585.8779736429763,
1012,1,0,obstacle_collision,,,105.00000000000004,589.1425973395575,
1013,1,0,obstacle_collision,,,353.9999999999998,641.1247928445756,
1014,1,0,obstacle_collision,,,603.0000000000003,639.338720867116,
1015,1,0,boundary_collision,,,51.0,584.0359577971205,
1016,0,1,success,,,651.0000000000002,593.2663819904175,1.0973148315195034
1017,1,0,obstacle_collision,,,294.00000000000057,539.2374245172529,
1018,1,0,obstacle_collision,,,108.00000000000001,548.7440204685605,
1019,1,0,obstacle_collision,,,336.0000000000004,621.4217569412903,
1020,1,0,obstacle_collision,,,141.00000000000009,655.1030453295115,
1021,1,0,obstacle_collision,,,177.00000000000009,653.0742683646325,
1022,1,0,boundary_collision,,,102.00000000000011,573.0558437011179,
1023,1,0,boundary_collision,,,107.99999999999993,730.6880319260745,
1024,1,0,boundary_collision,,,113.99999999999991,670.2551752877407,
1025,1,0,boundary_collision,,,60.00000000000004,637.3233088472443,
1026,1,0,boundary_collision,,,99.0,604.0993295808231,
1027,0,1,success,,,635.9999999999997,593.8787755089418,1.0709256269597458
1028,1,0,obstacle_collision,,,129.0000000000001,576.6151229373021,
1029,1,0,boundary_collision,,,126.00000000000004,659.8242190159436,
1030,1,0,boundary_collision,,,128.99999999999997,580.8820878629328,
1031,1,0,obstacle_collision,,,408.0,651.5028779675497,
1032,1,0,boundary_collision,,,144.0000000000001,725.7306662943216,
1033,1,0,boundary_collision,,,75.00000000000001,653.5472438928956,
1034,1,0,boundary_collision,,,65.99999999999999,606.9530459598996,
1035,1,0,boundary_collision,,,162.00000000000026,657.4960075924416,
1036,0,1,success,,,672.0000000000002,647.1305896030568,1.038430280991968
1037,1,0,obstacle_collision,,,510.00000000000006,619.5256249744639,
1038,0,1,success,,,842.9999999999999,802.6020184375317,1.0503337652216638
1039,1,0,boundary_collision,,,48.000000000000284,766.8376620902236,
1040,1,0,obstacle_collision,,,357.0000000000001,580.9956970580763,
1041,1,0,boundary_collision,,,42.00000000000003,618.32434854209,
1042,0,1,success,,,663.0000000000005,624.2891958059181,1.0620078073657981
1043,1,0,boundary_collision,,,195.00000000000003,603.2619663131433,
1044,1,0,obstacle_collision,,,422.99999999999983,675.2962312940892,
1045,1,0,obstacle_collision,,,380.99999999999955,588.0688735173798,
1046,0,1,success,,,632.9999999999999,647.2441579496875,0.9779926048389379
1047,1,0,boundary_collision,,,135.0,616.1046988945953,
1048,1,0,boundary_collision,,,158.99999999999997,662.3745164180156,
1049,1,0,boundary_collision,,,134.99999999999994,730.8194031359594,
1050,1,0,boundary_collision,,,791.9999999999998,732.4820816921053,
1051,1,0,obstacle_collision,,,146.99999999999994,691.1475963931293,
1052,0,1,success,,,645.0000000000003,610.3179499244635,1.0568262003105582
1053,1,0,obstacle_collision,,,521.9999999999999,600.2482819633889,
1054,1,0,obstacle_collision,,,167.99999999999986,574.1297762701391,
1055,0,1,success,,,584.999999999999,554.6764822849442,1.0546688361297374
1056,1,0,boundary_collision,,,170.99999999999997,561.8433945504744,
1057,1,0,obstacle_collision,,,384.0,581.9836767470373,
1058,1,0,obstacle_collision,,,252.00000000000003,737.2143514609573,
1059,1,0,obstacle_collision,,,341.99999999999994,619.0072697472947,
1060,1,0,obstacle_collision,,,147.00000000000003,614.0130291777203,
1061,1,0,boundary_collision,,,102.0,660.0742382490018,
1062,1,0,boundary_collision,,,158.9999999999998,597.0301499924439,
1063,1,0,obstacle_collision,,,690.0000000000003,708.8476564114465,
1064,1,0,boundary_collision,,,96.00000000000001,665.8836234658426,
1065,1,0,boundary_collision,,,141.00000000000003,685.2919086053768,
1066,1,0,obstacle_collision,,,134.99999999999986,634.9716529105847,
1067,1,0,boundary_collision,,,72.0000000000003,618.2184080080438,
1068,1,0,obstacle_collision,,,413.99999999999955,548.466954337269,
1069,1,0,boundary_collision,,,96.00000000000027,600.9126392413459,
1070,1,0,obstacle_collision,,,351.00000000000017,732.6834241335066,
1071,1,0,obstacle_collision,,,294.00000000000034,590.1660783203318,
1072,1,0,obstacle_collision,,,267.00000000000006,566.3920903402518,
1073,0,1,success,,,725.9999999999999,678.702438480959,1.069688215096
1074,0,1,success,,,680.9999999999992,682.4492655135618,0.9978763761838442
1075,1,0,obstacle_collision,,,111.00000000000013,619.293952820468,
1076,0,1,success,,,756.0,681.0066078974564,1.1101213868307072
1077,1,0,boundary_collision,,,126.00000000000001,692.7430981251275,
1078,1,0,obstacle_collision,,,329.99999999999903,685.4035307758488,
1079,1,0,boundary_collision,,,120.00000000000011,590.068640075034,
1080,0,1,success,,,641.9999999999998,599.5439933816367,1.0708138303227699
1081,1,0,obstacle_collision,,,222.00000000000023,621.2889826803627,
1082,1,0,boundary_collision,,,107.9999999999999,606.320872146094,
1083,1,0,obstacle_collision,,,1143.0,650.969277308845,
1084,1,0,obstacle_collision,,,533.9999999999998,639.3512336736358,
1085,1,0,obstacle_collision,,,593.9999999999999,630.2705768160212,
1086,1,0,boundary_collision,,,80.9999999999999,608.3288584310299,
1087,1,0,boundary_collision,,,149.99999999999994,574.8364984932672,
1088,0,1,success,,,582.0,586.4673903977953,0.9923825425404044
1089,1,0,boundary_collision,,,80.99999999999999,644.4571358903554,
1090,1,0,obstacle_collision,,,125.99999999999993,674.3248475327007,
1091,1,0,boundary_collision,,,38.999999999999936,752.6486564128046,
1092,1,0,boundary_collision,,,81.00000000000006,709.0232718324554,
1093,1,0,obstacle_collision,,,557.9999999999995,550.262664552121,
1094,1,0,obstacle_collision,,,279.0000000000002,629.8483944569518,
1095,1,0,obstacle_collision,,,236.9999999999999,696.1386356179349,
1096,1,0,boundary_collision,,,123.0,562.3210826565193,
1097,1,0,obstacle_collision,,,180.0,561.7632953477826,
1098,1,0,obstacle_collision,,,138.00000000000017,652.4515307668455,
1099,0,1,success,,,720.0000000000005,692.6391556936411,1.0395023066216331
1100,1,0,obstacle_collision,,,491.9999999999999,604.4609168507092,
1101,1,0,boundary_collision,,,120.0,648.0570962500141,
1102,0,1,success,,,552.0000000000003,521.3463340237466,1.0587971257794584
1103,1,0,obstacle_collision,,,675.0000000000001,522.7963274545834,
1104,1,0,boundary_collision,,,179.99999999999991,523.1873469418006,
1105,1,0,obstacle_collision,,,92.99999999999996,674.5027798311879,
1106,1,0,boundary_collision,,,93.00000000000001,599.6907536389068,
1107,0,1,success,,,629.9999999999992,613.2576946113273,1.0273006038665082
1108,1,0,obstacle_collision,,,129.00000000000003,561.0080213330288,
1109,1,0,obstacle_collision,,,90.0,668.2424709639458,
1110,1,0,obstacle_collision,,,504.00000000000017,720.988210721923,
1111,1,0,obstacle_collision,,,554.999999999999,586.5978179297977,
1112,1,0,obstacle_collision,,,342.00000000000017,533.0037523320075,
1113,1,0,boundary_collision,,,69.00000000000006,637.3672410784853,
1114,0,1,success,,,641.9999999999989,616.11443742214,1.0420142119801081
1115,1,0,obstacle_collision,,,201.0000000000001,707.1195089940596,
1116,1,0,obstacle_collision,,,107.99999999999996,654.31261641512,
1117,1,0,obstacle_collision,,,251.99999999999977,599.7941313484152,
1118,1,0,boundary_collision,,,101.99999999999999,578.1850914715806,
1119,1,0,obstacle_collision,,,77.99999999999994,705.6245460583128,
1120,1,0,obstacle_collision,,,171.00000000000006,726.5108395612552,
1121,1,0,obstacle_collision,,,252.00000000000009,674.5190879434028,
1122,1,0,obstacle_collision,,,288.00000000000057,523.8033982325811,
1123,1,0,boundary_collision,,,788.9999999999992,589.0212220285446,
1124,1,0,obstacle_collision,,,138.0,647.1506779722941,
1125,0,1,success,,,687.0000000000002,650.4898154467909,1.0561272193449058
1126,1,0,boundary_collision,,,87.00000000000004,588.2762956298682,
1127,1,0,boundary_collision,,,125.99999999999997,701.9437299385187,
1128,1,0,obstacle_collision,,,327.00000000000006,630.0134919190223,
1129,1,0,boundary_collision,,,114.00000000000009,654.6525796176168,
1130,0,1,success,,,600.0000000000002,618.2628890690432,0.9704609650814678
1131,1,0,obstacle_collision,,,467.99999999999994,623.2984838742992,
1132,1,0,obstacle_collision,,,339.00000000000045,616.3383810862341,
1133,1,0,obstacle_collision,,,216.00000000000023,666.7510779893798,
1134,1,0,boundary_collision,,,162.00000000000023,719.4233802150163,
1135,1,0,boundary_collision,,,101.9999999999998,645.0713138870772,
1136,0,1,success,,,548.9999999999997,503.9533708588524,1.0893865022955942
1137,1,0,boundary_collision,,,117.00000000000011,567.5359019480618,
1138,1,0,boundary_collision,,,188.99999999999997,596.0276839208058,
1139,1,0,obstacle_collision,,,264.0,574.2516869805434,
1140,1,0,boundary_collision,,,105.00000000000007,666.4420454923294,
1141,1,0,obstacle_collision,,,159.00000000000009,550.567888638631,
1142,1,0,boundary_collision,,,126.00000000000006,632.7922249838409,
1143,1,0,boundary_collision,,,141.0000000000001,597.6085675423337,
1144,1,0,obstacle_collision,,,180.0,654.2881628151315,
1145,1,0,boundary_collision,,,128.99999999999997,550.6250993189468,
1146,1,0,obstacle_collision,,,395.9999999999999,608.276253029822,
1147,1,0,obstacle_collision,,,306.00000000000034,603.1956564830353,
1148,1,0,obstacle_collision,,,245.99999999999972,570.4804992285012,
1149,1,0,obstacle_collision,,,290.99999999999983,583.64544031458,
1150,1,0,boundary_collision,,,86.99999999999977,566.0689003999424,
1151,1,0,boundary_collision,,,81.00000000000004,631.5963901100132,
1152,1,0,boundary_collision,,,108.00000000000009,666.6430829161884,
1153,1,0,obstacle_collision,,,582.000000000001,690.9196769523936,
1154,1,0,obstacle_collision,,,603.0000000000002,593.0843110384897,
1155,1,0,boundary_collision,,,44.99999999999999,654.1016740538125,
1156,1,0,obstacle_collision,,,101.99999999999993,642.0124609382593,
1157,1,0,obstacle_collision,,,587.9999999999999,635.2550668825869,
1158,1,0,boundary_collision,,,92.99999999999989,583.8878316937253,
1159,0,1,success,,,642.0000000000005,602.2308527466855,1.0660363830114876
1160,0,1,success,,,644.9999999999995,586.4349921346782,1.0998661550739652
1161,1,0,boundary_collision,,,83.99999999999987,700.8138126492656,
1162,1,0,boundary_collision,,,83.99999999999973,698.4167810125986,
1163,1,0,boundary_collision,,,129.0,688.4540652795944,
1164,1,0,obstacle_collision,,,153.00000000000023,549.7090139337357,
1165,1,0,obstacle_collision,,,113.99999999999991,722.8056446929562,
1166,0,1,success,,,713.9999999999998,597.3558403497868,1.1952674633295808
1167,0,1,success,,,654.000000000001,649.6960827956407,1.0066245084714696
1168,1,0,obstacle_collision,,,654.0000000000001,642.7207791879767,
1169,1,0,obstacle_collision,,,132.00000000000003,590.4371262039676,
1170,1,0,boundary_collision,,,138.0000000000002,654.569324059721,
1171,0,1,success,,,573.0000000000006,589.1858789889656,0.9725283996677929
1172,1,0,boundary_collision,,,95.99999999999993,617.3005750847799,
1173,1,0,obstacle_collision,,,158.9999999999999,638.880270473271,
1174,0,1,success,,,629.9999999999997,646.2793513644081,0.9748106583785482
1175,0,1,success,,,555.000000000001,552.2001448750262,1.005070362894614
1176,1,0,obstacle_collision,,,207.0000000000001,666.406032385662,
1177,1,0,boundary_collision,,,63.000000000000014,629.9841267841596,
1178,1,0,obstacle_collision,,,275.99999999999994,719.0340742969,
1179,1,0,boundary_collision,,,92.99999999999994,591.8825897084657,
1180,1,0,boundary_collision,,,159.00000000000017,686.8631595885748,
1181,1,0,boundary_collision,,,90.00000000000001,597.2277622482063,
1182,1,0,obstacle_collision,,,294.0,712.8148427186404,
1183,1,0,obstacle_collision,,,129.00000000000009,656.6010965571105,
1184,1,0,obstacle_collision,,,182.9999999999998,755.6910744477534,
1185,1,0,obstacle_collision,,,137.99999999999972,688.6755404397633,
1186,1,0,boundary_collision,,,87.0,576.3202234869084,
1187,1,0,boundary_collision,,,59.999999999999886,711.216563361681,
1188,1,0,obstacle_collision,,,572.9999999999998,651.9386474201388,
1189,1,0,boundary_collision,,,57.00000000000005,645.7816968604793,
1190,1,0,obstacle_collision,,,647.9999999999994,605.1189965618332,
1191,1,0,obstacle_collision,,,314.99999999999955,594.6805865336449,
1192,1,0,boundary_collision,,,140.99999999999997,609.6310359553555,
1193,1,0,boundary_collision,,,161.9999999999999,735.9653524453444,
1194,1,0,boundary_collision,,,98.99999999999994,686.0327980497725,
1195,1,0,boundary_collision,,,111.00000000000003,587.9090065647914,
1196,1,0,obstacle_collision,,,416.9999999999986,572.1337256271474,
1197,1,0,boundary_collision,,,78.00000000000001,649.7484128491581,
1198,1,0,obstacle_collision,,,579.0000000000005,612.1805289291714,
1199,1,0,obstacle_collision,,,177.0000000000001,720.8363198396706,
1200,0,1,success,,,704.9999999999994,663.0754104926527,1.063227483396191
1201,1,0,obstacle_collision,,,186.00000000000009,675.47908923963,
1202,1,0,boundary_collision,,,57.0,749.1041316132224,
1203,1,0,boundary_collision,,,80.99999999999996,621.1159312076933,
1204,1,0,boundary_collision,,,104.99999999999999,653.9671245559673,
1205,1,0,boundary_collision,,,107.99999999999994,708.1899462714788,
1206,1,0,obstacle_collision,,,150.00000000000014,587.9328192914561,
1207,1,0,boundary_collision,,,84.00000000000004,626.5221464561329,
1208,0,1,success,,,635.9999999999991,632.8641244374656,1.0049550534489862
1209,1,0,obstacle_collision,,,273.00000000000017,698.3136830966439,
1210,0,1,success,,,582.0,553.3046177287878,1.0518618159902613
1211,0,1,success,,,623.9999999999997,627.8096845382365,0.9939317843734141
1212,1,0,obstacle_collision,,,615.0000000000015,711.6867288350963,
1213,1,0,boundary_collision,,,59.99999999999996,622.9301726517989,
1214,1,0,obstacle_collision,,,575.9999999999999,603.4699661126475,
1215,0,1,success,,,687.0000000000001,693.5877738253465,0.9905018887674262
1216,1,0,obstacle_collision,,,179.99999999999986,577.1464285603785,
1217,1,0,obstacle_collision,,,114.00000000000004,671.7268790215261,
1218,0,1,success,,,615.0000000000001,617.9846276405264,0.995170385302428
1219,1,0,boundary_collision,,,1113.0,671.9412176671409,
1220,1,0,boundary_collision,,,59.9999999999999,672.5830803700015,
1221,1,0,boundary_collision,,,102.00000000000017,792.6922479752152,
1222,1,0,boundary_collision,,,96.00000000000001,637.2189576589824,
1223,1,0,boundary_collision,,,101.99999999999997,632.019778171538,
1224,1,0,obstacle_collision,,,74.99999999999997,729.0384077673823,
1225,0,1,success,,,645.0000000000002,575.0521715461998,1.1216373607732404
1226,1,0,boundary_collision,,,101.9999999999999,640.7261505510759,
1227,1,0,boundary_collision,,,117.00000000000003,516.2111970889434,
1228,1,0,obstacle_collision,,,140.99999999999994,652.3197068922569,
1229,1,0,obstacle_collision,,,161.99999999999997,689.3010953132165,
1230,1,0,boundary_collision,,,102.00000000000004,670.1887793748863,
1231,1,0,obstacle_collision,,,288.0000000000001,582.1039426081909,
1232,0,1,success,,,569.9999999999995,574.105391021544,0.9928490638030075
1233,1,0,obstacle_collision,,,329.99999999999955,537.2913548532118,
1234,0,1,success,,,696.0000000000001,620.987117418711,1.1207961976620369
1235,1,0,obstacle_collision,,,71.99999999999991,563.8049308049726,
1236,1,0,boundary_collision,,,47.99999999999996,644.4354118140933,
1237,1,0,boundary_collision,,,102.00000000000009,728.2705541212002,
1238,0,1,success,,,732.0000000000005,655.985518132832,1.1158782926847726
1239,1,0,obstacle_collision,,,234.0,576.3028717610212,
1240,1,0,obstacle_collision,,,129.00000000000003,594.9327693109533,
1241,1,0,obstacle_collision,,,345.0000000000006,673.9532624744835,
1242,1,0,obstacle_collision,,,234.00000000000009,672.6306564527073,
1243,1,0,boundary_collision,,,717.0,653.1653695657785,
1244,1,0,boundary_collision,,,599.9999999999997,648.3733492363793,
1245,1,0,obstacle_collision,,,221.99999999999991,601.2661640238872,
1246,0,1,success,,,870.0,653.1707280642635,1.3319641597815195
1247,1,0,obstacle_collision,,,210.00000000000017,667.2548238866468,
1248,1,0,boundary_collision,,,48.0,652.4944444207936,
1249,0,1,success,,,678.0000000000007,620.4595071396682,1.0927385142756463
1250,1,0,obstacle_collision,,,147.00000000000017,592.8439929694827,
1251,1,0,boundary_collision,,,77.99999999999991,596.9396954467009,
1252,1,0,obstacle_collision,,,395.9999999999998,616.8443888048265,
1253,1,0,boundary_collision,,,132.00000000000003,682.1172919667115,
1254,0,1,success,,,633.0,637.9631650808689,0.9922202952262303
1255,1,0,obstacle_collision,,,92.99999999999997,677.1595085354705,
1256,1,0,obstacle_collision,,,695.9999999999995,685.7186011768968,
1257,1,0,obstacle_collision,,,533.9999999999992,560.45428002648,
1258,1,0,obstacle_collision,,,347.99999999999983,600.5206074732157,
1259,1,0,boundary_collision,,,767.9999999999983,602.2599106698037,
1260,1,0,obstacle_collision,,,140.99999999999991,690.4990948582047,
1261,1,0,obstacle_collision,,,521.9999999999999,652.2001226617487,
1262,1,0,obstacle_collision,,,585.0000000000007,647.4272159864768,
1263,1,0,obstacle_collision,,,341.99999999999983,632.1534623807735,
1264,1,0,boundary_collision,,,137.99999999999991,632.8230400356802,
1265,1,0,obstacle_collision,,,122.99999999999999,700.2063981427191,
1266,1,0,boundary_collision,,,137.99999999999994,634.5896311790793,
1267,1,0,obstacle_collision,,,132.00000000000006,654.9412187364603,
1268,1,0,obstacle_collision,,,269.9999999999999,805.8796436193186,
1269,1,0,obstacle_collision,,,282.0000000000003,729.9561630673447,
1270,1,0,obstacle_collision,,,203.99999999999997,593.7558420765222,
1271,0,1,success,,,662.9999999999995,554.1958137698263,1.196328055042586
1272,1,0,boundary_collision,,,86.99999999999996,653.3375850201793,
1273,1,0,obstacle_collision,,,684.0000000000001,557.5598622569598,
1274,1,0,obstacle_collision,,,102.00000000000009,776.0057989474047,
1275,0,1,success,,,588.0000000000003,596.8860862844768,0.985112592689518
1276,1,0,boundary_collision,,,102.0000000000001,686.3475795834062,
1277,1,0,boundary_collision,,,98.99999999999999,591.9797293826875,
1278,1,0,obstacle_collision,,,566.9999999999998,626.039136156838,
1279,1,0,obstacle_collision,,,171.00000000000003,658.0341936404217,
1280,1,0,obstacle_collision,,,422.9999999999999,597.4453949943877,
1281,1,0,obstacle_collision,,,288.0,627.6941930590086,
1282,0,1,success,,,696.0000000000002,670.0223876856653,1.0387712601724617
1283,1,0,obstacle_collision,,,140.99999999999977,601.163039449366,
1284,1,0,obstacle_collision,,,150.00000000000003,663.4606243026032,
1285,0,1,success,,,612.0000000000015,619.6620046444674,0.9876351872681591
1286,1,0,obstacle_collision,,,128.99999999999986,652.331204220678,
1287,1,0,boundary_collision,,,123.0,680.3712222015273,
1288,1,0,obstacle_collision,,,81.00000000000009,709.9471811339207,
1289,1,0,obstacle_collision,,,99.00000000000007,571.472659013535,
1290,1,0,obstacle_collision,,,444.00000000000017,563.4980035457091,
1291,1,0,boundary_collision,,,44.99999999999999,608.5597752070046,
1292,1,0,obstacle_collision,,,135.00000000000006,643.9518615548836,
1293,1,0,obstacle_collision,,,540.0000000000005,651.6962482629465,
1294,0,1,success,,,585.0000000000001,528.3937925449162,1.1071288275027797
1295,1,0,obstacle_collision,,,206.99999999999997,710.8361273880219,
1296,1,0,boundary_collision,,,57.00000000000002,696.2075839862706,
1297,1,0,obstacle_collision,,,705.0000000000001,665.5892126529696,
1298,1,0,obstacle_collision,,,762.0000000000003,732.101085916419,
1299,1,0,obstacle_collision,,,137.9999999999999,582.3074789147054,
1300,1,0,obstacle_collision,,,180.00000000000026,582.3160653803053,
1301,1,0,obstacle_collision,,,530.9999999999998,585.618476484477,
1302,1,0,boundary_collision,,,86.99999999999994,612.2564822033328,
1303,1,0,boundary_collision,,,87.0000000000004,610.5735008989499,
1304,1,0,boundary_collision,,,60.000000000000135,665.0360892462904,
1305,1,0,obstacle_collision,,,281.99999999999983,594.0210433982958,
1306,1,0,boundary_collision,,,69.0,637.3358612223228,
1307,1,0,obstacle_collision,,,186.0000000000001,610.3277807866851,
1308,1,0,obstacle_collision,,,429.00000000000006,628.530031104322,
1309,1,0,obstacle_collision,,,267.0000000000005,577.3188027424709,
1310,1,0,obstacle_collision,,,137.99999999999991,551.5451024168377,
1311,0,1,success,,,545.9999999999998,541.0110904593362,1.0092214552134742
1312,1,0,obstacle_collision,,,168.0,628.9864863413204,
1313,1,0,boundary_collision,,,89.99999999999991,636.8115890905252,
1314,1,0,boundary_collision,,,63.00000000000009,675.290307941703,
1315,1,0,obstacle_collision,,,222.0,604.4518177654858,
1316,1,0,obstacle_collision,,,164.99999999999983,593.0236082990289,
1317,0,1,success,,,588.0000000000008,581.0697032198461,1.0119267907821596
1318,0,1,success,,,626.9999999999998,539.30418132998,1.16260919478457
1319,0,1,success,,,588.0000000000002,604.4402369134602,0.9728008893031159
1320,1,0,obstacle_collision,,,345.0000000000001,648.5560885536423,
1321,1,0,obstacle_collision,,,66.00000000000013,617.0032414825712,
1322,1,0,boundary_collision,,,777.0,697.03730172782,
1323,1,0,obstacle_collision,,,201.0,657.0007610345668,
1324,1,0,obstacle_collision,,,201.00000000000017,651.1927518024137,
1325,1,0,obstacle_collision,,,266.9999999999999,571.8959695608984,
1326,1,0,obstacle_collision,,,386.99999999999903,643.8516909972358,
1327,1,0,obstacle_collision,,,207.00000000000009,567.5077091987386,
1328,0,1,success,,,633.0,631.9572770369845,1.0016499896447184
1329,1,0,obstacle_collision,,,242.99999999999977,668.5820817222071,
1330,1,0,obstacle_collision,,,224.99999999999994,658.738187749883,
1331,1,0,obstacle_collision,,,120.00000000000011,624.0064102234847,
1332,1,0,obstacle_collision,,,182.99999999999994,571.4971565983509,
1333,1,0,boundary_collision,,,81.00000000000009,659.2419889539804,
1334,1,0,boundary_collision,,,54.000000000000135,602.1727326938675,
1335,1,0,obstacle_collision,,,269.99999999999955,609.8999918019347,
1336,1,0,boundary_collision,,,98.99999999999997,677.2798535317584,
1337,1,0,boundary_collision,,,72.00000000000006,702.6478492103993,
1338,1,0,boundary_collision,,,215.99999999999986,615.6110785227959,
1339,1,0,obstacle_collision,,,101.99999999999994,649.9976923035958,
1340,1,0,obstacle_collision,,,284.99999999999983,539.2708039566021,
1341,1,0,obstacle_collision,,,140.9999999999999,651.3324803815636,
1342,0,1,success,,,708.0000000000001,656.8295060363838,1.0779052912412583
1343,0,1,success,,,525.0000000000001,544.0018382321883,0.9650702683396486
1344,1,0,obstacle_collision,,,167.99999999999986,632.0007911387453,
1345,1,0,obstacle_collision,,,360.00000000000017,591.7600865215564,
1346,1,0,obstacle_collision,,,156.0,609.5580366134138,
1347,0,1,success,,,530.9999999999994,551.2395123718909,0.963283632762818
1348,1,0,obstacle_collision,,,132.00000000000014,566.0883323298582,
1349,1,0,obstacle_collision,,,254.99999999999994,603.6969438385455,
1350,1,0,obstacle_collision,,,197.99999999999997,704.0518446819098,
1351,1,0,obstacle_collision,,,326.99999999999983,627.4583651526211,
1352,1,0,obstacle_collision,,,305.99999999999983,607.1260165731658,
1353,1,0,boundary_collision,,,116.99999999999999,568.8479585970226,
1354,1,0,obstacle_collision,,,426.0,609.3701666474984,
1355,1,0,obstacle_collision,,,668.9999999999985,615.532289973483,
1356,1,0,obstacle_collision,,,384.0000000000004,564.8362594593233,
1357,0,1,success,,,653.9999999999998,615.4128695436909,1.0627012081903975
1358,1,0,obstacle_collision,,,249.00000000000028,676.2322086384232,
1359,0,1,success,,,618.0000000000001,611.1996400522501,1.0111262499224782
1360,0,1,success,,,816.0,697.2840167392337,1.1702548465343112
1361,1,0,boundary_collision,,,108.00000000000007,647.1738560850554,
1362,1,0,boundary_collision,,,98.99999999999997,597.197622232373,
1363,1,0,boundary_collision,,,90.0,633.8596059065446,
1364,0,1,success,,,594.0000000000008,596.5249366120414,0.9957672572308863
1365,1,0,obstacle_collision,,,261.0000000000003,645.155020130821,
1366,0,1,success,,,770.9999999999998,663.6783859671791,1.16170726108011
1367,1,0,obstacle_collision,,,203.99999999999997,627.9140068512567,
1368,0,1,success,,,548.9999999999991,531.0489619611359,1.0338029811273353
1369,1,0,obstacle_collision,,,267.00000000000006,583.8236034968096,
1370,1,0,boundary_collision,,,59.99999999999996,656.5394123736975,
1371,1,0,obstacle_collision,,,314.9999999999995,657.1331676304278,
1372,1,0,boundary_collision,,,119.99999999999996,682.9238610562674,
1373,0,1,success,,,699.0,665.0608994671089,1.051031568026455
1374,0,1,success,,,659.9999999999998,583.3703797760047,1.131356721013875
1375,1,0,obstacle_collision,,,212.99999999999983,575.0347815567333,
1376,1,0,boundary_collision,,,47.99999999999996,658.8634152842302,
1377,1,0,boundary_collision,,,102.00000000000004,638.8810530920447,
1378,1,0,boundary_collision,,,117.00000000000011,644.4377394287209,
1379,0,1,success,,,1229.9999999999995,619.4876915645701,1.9855116037794511
1380,1,0,obstacle_collision,,,173.99999999999994,635.9323863430766,
1381,1,0,obstacle_collision,,,261.0000000000001,538.9174333791773,
1382,1,0,obstacle_collision,,,471.0000000000002,667.7072711900029,
1383,1,0,obstacle_collision,,,477.00000000000045,644.2802185384866,
1384,1,0,obstacle_collision,,,477.00000000000017,629.2924598308803,
1385,1,0,obstacle_collision,,,144.0,643.5060217278468,
1386,1,0,boundary_collision,,,86.9999999999998,733.4971029254308,
1387,1,0,obstacle_collision,,,474.0,638.1763079275194,
1388,0,1,success,,,723.0000000000001,699.1802342743965,1.0340681337342488
1389,1,0,obstacle_collision,,,267.0000000000001,549.2139837986648,
1390,1,0,obstacle_collision,,,285.0000000000005,610.5939731114286,
1391,1,0,obstacle_collision,,,243.00000000000003,673.8850050268221,
1392,1,0,obstacle_collision,,,486.0,629.2122058574515,
1393,0,1,success,,,684.0,659.6855311434381,1.0368576658251356
1394,1,0,obstacle_collision,,,119.99999999999997,644.0846217695312,
1395,1,0,obstacle_collision,,,357.0000000000001,575.1565004414016,
1396,1,0,obstacle_collision,,,422.99999999999994,756.5619604500348,
1397,1,0,boundary_collision,,,107.99999999999991,576.7841884101887,
1398,1,0,obstacle_collision,,,323.99999999999994,626.1006308893163,
1399,1,0,boundary_collision,,,92.99999999999996,615.8449480185739,
1400,1,0,obstacle_collision,,,290.9999999999996,667.5866984894171,
1401,1,0,obstacle_collision,,,273.0,615.4624277728088,
1402,0,1,success,,,722.9999999999991,656.640693225755,1.1010587791144244
1403,0,1,success,,,591.0,548.624643996239,1.0772392499452714
1404,1,0,obstacle_collision,,,383.99999999999955,659.3724289049399,
1405,1,0,boundary_collision,,,137.99999999999994,610.3277807866851,
1406,1,0,obstacle_collision,,,393.00000000000006,602.329643965827,
1407,1,0,obstacle_collision,,,716.9999999999987,561.2708793443679,
1408,0,1,success,,,711.0000000000005,672.3585353068703,1.0574715165555144
1409,1,0,obstacle_collision,,,164.9999999999999,648.9144781864557,
1410,1,0,obstacle_collision,,,254.99999999999991,676.2721345730578,
1411,1,0,obstacle_collision,,,111.00000000000016,520.1884273991493,
1412,1,0,obstacle_collision,,,215.99999999999994,637.4990196070893,
1413,1,0,obstacle_collision,,,654.0,662.145754347183,
1414,1,0,boundary_collision,,,63.0,656.5439817712139,
1415,1,0,obstacle_collision,,,99.00000000000004,581.6949372308478,
1416,1,0,obstacle_collision,,,741.0,623.3177359902412,
1417,1,0,obstacle_collision,,,288.00000000000006,742.2142547809224,
1418,1,0,obstacle_collision,,,326.9999999999998,557.4369919551447,
1419,1,0,obstacle_collision,,,132.00000000000003,699.5662942137793,
1420,1,0,obstacle_collision,,,207.00000000000006,606.9415128329912,
1421,0,1,success,,,789.0000000000001,554.647635891473,1.4225247687783933
1422,1,0,obstacle_collision,,,537.0000000000003,577.6235798510999,
1423,1,0,obstacle_collision,,,948.0000000000002,627.4591620177364,
1424,1,0,obstacle_collision,,,411.00000000000006,683.2466611700346,
1425,1,0,boundary_collision,,,45.00000000000001,682.1649360675174,
1426,0,1,success,,,627.0000000000001,597.9983277568592,1.0484979152900453
1427,1,0,obstacle_collision,,,164.9999999999999,605.3643530965463,
1428,1,0,obstacle_collision,,,162.00000000000003,593.7844726834813,
1429,1,0,obstacle_collision,,,98.99999999999989,552.2689562160814,
1430,1,0,obstacle_collision,,,87.00000000000006,600.9301124090887,
1431,0,1,success,,,758.9999999999993,762.12859807253,0.9958949210403032
1432,1,0,boundary_collision,,,1032.0000000000002,661.5270213679861,
1433,1,0,obstacle_collision,,,192.00000000000037,688.8396039717809,
1434,1,0,obstacle_collision,,,290.99999999999994,774.1692321450137,
1435,1,0,obstacle_collision,,,290.99999999999983,651.8351018470853,
1436,1,0,obstacle_collision,,,384.0,641.2815294392939,
1437,0,1,success,,,522.0000000000006,544.5410911951457,0.9586053439132161
1438,1,0,boundary_collision,,,99.0,730.8385594644004,
1439,1,0,obstacle_collision,,,414.0000000000001,617.73780845922,
1440,1,0,boundary_collision,,,105.0,642.4406587382215,
1441,1,0,obstacle_collision,,,257.99999999999983,631.026148428098,
1442,1,0,obstacle_collision,,,212.9999999999997,615.8222146041827,
1443,1,0,obstacle_collision,,,576.0000000000005,598.0535093116669,
1444,0,1,success,,,653.9999999999997,663.3762130194299,0.9858659191640994
1445,1,0,obstacle_collision,,,170.9999999999998,594.7814724753958,
1446,1,0,boundary_collision,,,92.99999999999996,661.0189104707973,
1447,1,0,obstacle_collision,,,276.0,686.476510887299,
1448,1,0,obstacle_collision,,,240.00000000000017,659.873472720339,
1449,1,0,boundary_collision,,,45.00000000000005,736.4299016199709,
1450,1,0,obstacle_collision,,,237.00000000000028,645.1123933083288,
1451,1,0,obstacle_collision,,,624.0000000000001,715.9245770330839,
1452,1,0,obstacle_collision,,,219.00000000000017,609.7884879201968,
1453,1,0,obstacle_collision,,,693.0,664.4885251078456,
1454,1,0,obstacle_collision,,,372.0000000000013,537.0176905838391,
1455,1,0,obstacle_collision,,,650.9999999999998,581.6089751714635,
1456,1,0,obstacle_collision,,,209.9999999999999,669.4542553453522,
1457,0,1,success,,,726.0000000000002,635.3904311523742,1.1426045536809426
1458,1,0,obstacle_collision,,,188.99999999999994,624.1001522191771,
1459,1,0,obstacle_collision,,,146.99999999999991,628.1560315717744,
1460,0,1,success,,,614.9999999999982,632.3962365479415,0.9724915558591808
1461,1,0,boundary_collision,,,131.99999999999994,532.7382096302085,
1462,1,0,obstacle_collision,,,63.00000000000004,557.541029880313,
1463,1,0,obstacle_collision,,,113.99999999999994,622.6564060539328,
1464,0,1,success,,,740.9999999999993,579.9974137873375,1.2775919036626864
1465,1,0,obstacle_collision,,,309.00000000000006,554.3663048923519,
1466,1,0,obstacle_collision,,,275.9999999999998,695.8807369082722,
1467,1,0,obstacle_collision,,,536.9999999999986,576.5630928181234,
1468,1,0,boundary_collision,,,78.00000000000001,676.3785922100137,
1469,1,0,obstacle_collision,,,608.9999999999998,692.2716229920161,
1470,0,1,success,,,767.9999999999995,770.3414827204881,0.9969604613369392
1471,1,0,obstacle_collision,,,182.99999999999991,664.0316257528704,
1472,1,0,boundary_collision,,,39.00000000000016,574.634666549104,
1473,1,0,obstacle_collision,,,533.9999999999997,670.5132362601055,
1474,1,0,obstacle_collision,,,269.9999999999999,619.3294761272065,
1475,0,1,success,,,615.0000000000002,635.9787732306795,0.9670134065574073
1476,1,0,obstacle_collision,,,87.0,608.0962094932019,
1477,0,1,success,,,536.9999999999999,555.0036035919046,0.9675612852324058
1478,0,1,success,,,615.0000000000003,595.9882549178297,1.0318995297731024
1479,1,0,obstacle_collision,,,210.0000000000001,664.0880965655084,
1480,0,1,success,,,921.0000000000001,763.7414483972963,1.2059054827163163
1481,1,0,obstacle_collision,,,206.99999999999986,613.7141028198716,
1482,1,0,obstacle_collision,,,183.00000000000009,687.5943571612554,
1483,0,1,success,,,693.0000000000005,553.0578631571926,1.2530334458024563
1484,1,0,obstacle_collision,,,207.00000000000017,608.0328938470352,
1485,1,0,obstacle_collision,,,290.9999999999999,774.9503209883844,
1486,1,0,obstacle_collision,,,449.99999999999994,762.2138807447684,
1487,1,0,obstacle_collision,,,248.99999999999994,700.1785486574121,
1488,1,0,boundary_collision,,,81.0,591.6831922574783,
1489,1,0,obstacle_collision,,,507.0000000000004,541.7933185265392,
1490,1,0,obstacle_collision,,,617.9999999999997,719.5679259110984,
1491,1,0,obstacle_collision,,,200.99999999999991,684.6349392194354,
1492,1,0,obstacle_collision,,,443.99999999999994,628.4846855731649,
1493,1,0,obstacle_collision,,,194.99999999999991,657.3043435121967,
1494,1,0,obstacle_collision,,,545.9999999999978,601.1256108335429,
1495,0,1,success,,,717.0000000000001,679.5299846217237,1.0551410772537653
1496,1,0,boundary_collision,,,87.0000000000001,649.8692176122823,
1497,1,0,obstacle_collision,,,153.00000000000003,716.2688042906797,
1498,1,0,obstacle_collision,,,119.99999999999997,696.2966321906204,
1499,0,1,success,,,780.0000000000001,681.1240709298123,1.1451658123537036
1500,1,0,obstacle_collision,,,204.00000000000014,586.1032332277309,
1501,1,0,obstacle_collision,,,381.0000000000001,745.8612471498972,
1502,1,0,boundary_collision,,,95.99999999999993,685.7011010637215,
1503,1,0,obstacle_collision,,,162.00000000000017,621.4121015879881,
1504,1,0,obstacle_collision,,,194.99999999999991,627.6941930590086,
1505,1,0,obstacle_collision,,,123.00000000000003,622.5431711937736,
1506,1,0,boundary_collision,,,48.0,745.3804397755551,
1507,1,0,boundary_collision,,,104.99999999999999,700.1842614626524,
1508,1,0,obstacle_collision,,,314.9999999999999,539.1335641564157,
1509,0,1,success,,,633.0000000000003,555.1522313744222,1.1402277865889974
1510,1,0,obstacle_collision,,,404.99999999999955,676.8825599762488,
1511,0,1,success,,,753.0,642.4359890292573,1.1721012098618708
1512,1,0,obstacle_collision,,,308.99999999999983,574.7321115093536,
1513,1,0,obstacle_collision,,,281.9999999999997,622.0514448178703,
1514,1,0,obstacle_collision,,,227.99999999999983,657.5256648983369,
1515,1,0,obstacle_collision,,,231.00000000000028,644.6146135482812,
1516,1,0,boundary_collision,,,813.000000000001,655.6561598887026,
1517,0,1,success,,,632.9999999999998,649.8445968075753,0.9740790384496136
1518,1,0,obstacle_collision,,,114.00000000000003,617.8648719582624,
1519,1,0,obstacle_collision,,,471.00000000000034,668.7817282193048,
1520,1,0,obstacle_collision,,,77.99999999999991,560.357029044876,
1521,1,0,obstacle_collision,,,312.00000000000017,556.7773343087881,
1522,1,0,obstacle_collision,,,216.00000000000034,619.4941484792249,
1523,0,1,success,,,633.0000000000002,650.2314972377145,0.9734994424125617
1524,1,0,obstacle_collision,,,120.00000000000003,686.2951260208687,
1525,1,0,obstacle_collision,,,561.0000000000002,683.5451704167033,
1526,1,0,obstacle_collision,,,509.9999999999995,617.0518616777686,
1527,1,0,obstacle_collision,,,663.0000000000007,745.0,
1528,0,1,success,,,786.0000000000007,572.3154724450493,1.3733684267560462
1529,1,0,obstacle_collision,,,167.99999999999986,603.0132668523969,
1530,1,0,boundary_collision,,,74.99999999999994,575.7647088872328,
1531,1,0,obstacle_collision,,,624.0000000000005,663.8682098127609,
1532,1,0,obstacle_collision,,,374.9999999999996,582.9922812525051,
1533,1,0,obstacle_collision,,,501.00000000000045,626.0071884571295,
1534,0,1,success,,,636.0000000000001,621.5279559279695,1.0232846228942722
1535,0,1,success,,,648.0000000000008,656.7229248320787,0.9867174960668409
1536,1,0,obstacle_collision,,,99.00000000000013,646.2507253380843,
1537,1,0,obstacle_collision,,,350.99999999999994,679.9191128362255,
1538,0,1,success,,,678.0000000000005,626.4191887226955,1.0823423231693798
1539,1,0,boundary_collision,,,132.0,589.0,
1540,1,0,obstacle_collision,,,230.99999999999972,681.4726700316015,
1541,1,0,obstacle_collision,,,161.99999999999997,625.1279868954837,
1542,1,0,obstacle_collision,,,132.00000000000014,690.0115941054904,
1543,0,1,success,,,677.9999999999997,603.431851993247,1.1235734371005446
1544,1,0,obstacle_collision,,,291.0000000000003,600.2732711024205,
1545,1,0,obstacle_collision,,,143.99999999999986,592.3520912430376,
1546,1,0,obstacle_collision,,,317.99999999999994,640.1531066862052,
1547,0,1,success,,,660.0000000000001,667.782150105856,0.9883462741485045
1548,1,0,obstacle_collision,,,305.99999999999994,746.9002610790815,
1549,1,0,obstacle_collision,,,143.99999999999977,659.2154427802795,
1550,1,0,obstacle_collision,,,83.99999999999987,577.0242629214131,
1551,1,0,obstacle_collision,,,219.00000000000003,611.1906412896061,
1552,1,0,obstacle_collision,,,135.0000000000001,655.3075613786248,
1553,1,0,obstacle_collision,,,426.00000000000034,695.6328054368914,
1554,1,0,obstacle_collision,,,153.0,579.5394723398916,
1555,1,0,boundary_collision,,,165.00000000000017,656.0,
1556,1,0,obstacle_collision,,,489.0000000000001,674.9059193695074,
1557,0,1,success,,,636.0000000000002,641.3298683205079,0.9916893496096395
1558,1,0,obstacle_collision,,,320.99999999999994,606.2227313455014,
1559,1,0,obstacle_collision,,,135.00000000000009,618.5466837676846,
1560,0,1,success,,,693.0,678.3877947015261,1.0215396052414283
1561,1,0,obstacle_collision,,,626.9999999999995,677.5433565462804,
1562,1,0,obstacle_collision,,,255.00000000000037,586.0,
1563,1,0,obstacle_collision,,,204.0000000000001,621.8239300638083,
1564,1,0,obstacle_collision,,,378.00000000000017,647.3407139984322,
1565,1,0,obstacle_collision,,,357.0,606.3604538556253,
1566,1,0,obstacle_collision,,,162.00000000000009,575.73344526786,
1567,1,0,obstacle_collision,,,75.00000000000004,604.4766331298506,
1568,1,0,obstacle_collision,,,348.0000000000001,560.1160594019779,
1569,1,0,obstacle_collision,,,194.99999999999994,560.5443782609901,
1570,1,0,boundary_collision,,,134.9999999999999,588.1946956578238,
1571,1,0,obstacle_collision,,,507.0000000000002,659.3822866895956,
1572,1,0,obstacle_collision,,,276.00000000000006,704.0227269058862,
1573,1,0,obstacle_collision,,,300.00000000000034,680.3859199013453,
1574,1,0,obstacle_collision,,,267.00000000000006,552.5214927946242,
1575,1,0,obstacle_collision,,,201.0000000000001,589.7635119266026,
1576,1,0,obstacle_collision,,,611.9999999999999,621.7169774101395,
1577,1,0,obstacle_collision,,,165.00000000000006,721.5434844830907,
1578,1,0,boundary_collision,,,74.99999999999999,593.3717216045942,
1579,1,0,obstacle_collision,,,467.99999999999926,604.0281450396166,
1580,1,0,obstacle_collision,,,647.9999999999999,648.0200614178545,
1581,1,0,obstacle_collision,,,486.0000000000001,707.7888103099681,
1582,1,0,obstacle_collision,,,437.99999999999966,574.4606165787172,
1583,0,1,success,,,705.0000000000002,689.6970349363552,1.022187952518974
1584,1,0,obstacle_collision,,,381.0,694.90718804744,
1585,0,1,success,,,641.9999999999999,567.7129556386749,1.1308531778665372
1586,1,0,obstacle_collision,,,390.0000000000003,645.9605251097005,
1587,1,0,obstacle_collision,,,228.00000000000023,577.481601438522,
1588,1,0,boundary_collision,,,60.00000000000001,674.21213278908,
1589,0,1,success,,,695.9999999999998,700.9686155599264,0.9929117859920764
1590,1,0,obstacle_collision,,,150.0000000000003,555.2530954438705,
1591,1,0,obstacle_collision,,,285.0,687.3958102869118,
1592,1,0,obstacle_collision,,,336.0000000000002,594.0210433982958,
1593,1,0,obstacle_collision,,,402.00000000000017,707.858742970658,
1594,1,0,obstacle_collision,,,303.0000000000003,639.4137940332536,
1595,1,0,obstacle_collision,,,131.99999999999997,725.3640465311195,
1596,1,0,obstacle_collision,,,92.99999999999999,587.6163714533488,
1597,1,0,obstacle_collision,,,707.9999999999999,622.2684308238688,
1598,1,0,obstacle_collision,,,225.00000000000003,683.7726230261051,
1599,1,0,obstacle_collision,,,143.9999999999999,661.1179924945319,
1600,1,0,obstacle_collision,,,102.00000000000007,620.7906249292107,
1601,1,0,obstacle_collision,,,191.99999999999997,582.1236981948081,
1602,1,0,obstacle_collision,,,296.9999999999998,655.2961162711099,
1603,0,1,success,,,702.0000000000003,600.463987263183,1.169095923969732
1604,1,0,obstacle_collision,,,90.00000000000011,588.8777462258189,
1605,1,0,obstacle_collision,,,278.99999999999955,641.0686390707316,
1606,1,0,obstacle_collision,,,120.0000000000001,555.8246126252417,
1607,1,0,obstacle_collision,,,383.9999999999997,662.0188819059468,
1608,1,0,obstacle_collision,,,363.0000000000001,593.2183409167319,
1609,1,0,obstacle_collision,,,221.99999999999994,602.336284811068,
1610,1,0,obstacle_collision,,,434.99999999999994,716.5821655609356,
1611,1,0,obstacle_collision,,,315.00000000000006,711.7281784501721,
1612,1,0,obstacle_collision,,,180.00000000000006,574.6172639244317,
1613,1,0,obstacle_collision,,,131.99999999999986,643.9697197850222,
1614,1,0,obstacle_collision,,,210.0,592.757117207377,
1615,1,0,obstacle_collision,,,605.999999999999,683.5736975630352,
1616,1,0,obstacle_collision,,,291.0,706.3441087741867,
1617,0,1,success,,,641.9999999999997,590.2855241321779,1.0876092564591535
1618,1,0,obstacle_collision,,,276.0000000000002,695.3934138313361,
1619,1,0,obstacle_collision,,,242.9999999999998,533.496016854859,
1620,1,0,obstacle_collision,,,137.99999999999983,575.2747169831123,
1621,0,1,success,,,603.0000000000008,612.6116224819767,0.9843104144138912
1622,1,0,obstacle_collision,,,105.00000000000009,713.148652105576,
1623,1,0,obstacle_collision,,,222.0,630.5695837891327,
1624,1,0,obstacle_collision,,,633.0,586.6191268617142,
1625,1,0,obstacle_collision,,,129.0,593.0278239678134,
1626,1,0,obstacle_collision,,,749.9999999999999,650.4805915628843,
1627,1,0,obstacle_collision,,,389.99999999999943,581.0129086345672,
1628,0,1,success,,,683.9999999999997,526.5738314804487,1.2989631445925662
1629,1,0,obstacle_collision,,,312.00000000000006,585.649212413028,
1630,1,0,obstacle_collision,,,122.99999999999994,584.1951728660551,
1631,1,0,obstacle_collision,,,63.000000000000064,534.3032846614365,
1632,0,1,success,,,674.9999999999989,652.2100888517441,1.0349425921766677
1633,1,0,obstacle_collision,,,329.99999999999983,643.540985485773,
1634,1,0,obstacle_collision,,,236.99999999999986,550.0009090901577,
1635,1,0,obstacle_collision,,,383.99999999999994,588.646753155065,
1636,1,0,obstacle_collision,,,98.99999999999994,558.0770556114988,
1637,1,0,obstacle_collision,,,363.0000000000003,636.7864634239644,
1638,1,0,obstacle_collision,,,213.00000000000017,550.2735683276092,
1639,1,0,obstacle_collision,,,387.0000000000002,591.4634392758355,
1640,1,0,obstacle_collision,,,602.9999999999999,641.8301956125156,
1641,1,0,obstacle_collision,,,102.00000000000016,608.3420090705556,
1642,1,0,obstacle_collision,,,380.9999999999999,536.0792851808396,
1643,1,0,obstacle_collision,,,150.00000000000009,618.7479292894644,
1644,0,1,success,,,558.0000000000002,558.0725759253899,0.9998699525321249
1645,1,0,obstacle_collision,,,447.0000000000001,656.3269002562671,
1646,1,0,obstacle_collision,,,383.99999999999983,658.9392991770942,
1647,1,0,obstacle_collision,,,224.99999999999997,671.9650288519485,
1648,1,0,obstacle_collision,,,165.00000000000017,644.0846217695312,
1649,1,0,obstacle_collision,,,189.00000000000014,601.0432596743765,
1650,1,0,obstacle_collision,,,522.0000000000005,691.1736395436388,
1651,1,0,obstacle_collision,,,480.0000000000003,629.2868980043999,
1652,1,0,obstacle_collision,,,150.0000000000001,654.782406605431,
1653,1,0,obstacle_collision,,,143.9999999999999,680.6181014342772,
1654,1,0,boundary_collision,,,312.0,676.8426700496948,
1655,1,0,obstacle_collision,,,213.0,636.9740968045718,
1656,1,0,obstacle_collision,,,218.9999999999999,799.2552783685572,
1657,1,0,obstacle_collision,,,210.00000000000009,635.1857995893799,
1658,1,0,obstacle_collision,,,216.0,631.8836918294379,
1659,1,0,obstacle_collision,,,134.99999999999991,650.2099660878785,
1660,1,0,obstacle_collision,,,165.00000000000028,632.0482576512651,
1661,0,1,success,,,611.9999999999997,602.5280076477774,1.0157204183573145
1662,1,0,obstacle_collision,,,792.0000000000006,593.6438326134619,
1663,1,0,obstacle_collision,,,302.9999999999999,629.9182486640627,
1664,1,0,boundary_collision,,,365.9999999999998,748.0541424255333,
1665,1,0,obstacle_collision,,,336.0000000000001,656.1653754961474,
1666,1,0,obstacle_collision,,,414.0000000000004,636.2546659946786,
1667,0,1,success,,,626.9999999999993,568.0792198276575,1.1037193020195617
1668,0,1,success,,,617.999999999999,620.5159143809286,0.9959454474532862
1669,1,0,obstacle_collision,,,153.0,608.6986117940471,
1670,1,0,obstacle_collision,,,375.00000000000006,597.2143668734034,
1671,0,1,success,,,639.0000000000008,650.6919393998976,0.9820315287589397
1672,1,0,obstacle_collision,,,105.00000000000003,595.1487209093203,
1673,1,0,obstacle_collision,,,131.99999999999997,596.7729886648691,
1674,1,0,obstacle_collision,,,678.0000000000006,685.5567080847507,
1675,0,1,success,,,635.9999999999998,593.4879948238212,1.0716307752590655
1676,1,0,obstacle_collision,,,456.0000000000002,535.6276691882151,
1677,1,0,obstacle_collision,,,152.9999999999999,677.0819743576105,
1678,1,0,obstacle_collision,,,1094.9999999999998,646.0495337046533,
1679,0,1,success,,,761.9999999999999,739.2489431849058,1.0307759071214573
1680,0,1,success,,,753.0000000000002,670.6608680995187,1.1227731269513452
1681,1,0,obstacle_collision,,,528.0000000000002,623.9270790725467,
1682,1,0,boundary_collision,,,138.00000000000006,654.5509911382001,
1683,1,0,obstacle_collision,,,594.0,608.118409522356,
1684,1,0,obstacle_collision,,,309.0,553.0587672209889,
1685,1,0,obstacle_collision,,,722.9999999999997,636.6993010833293,
1686,1,0,boundary_collision,,,113.99999999999982,558.3583078991483,
1687,1,0,boundary_collision,,,114.00000000000004,576.3922275673051,
1688,1,0,boundary_collision,,,44.99999999999999,701.7064913480565,
1689,1,0,obstacle_collision,,,117.00000000000004,551.3347440530117,
1690,1,0,obstacle_collision,,,411.00000000000006,572.3862332376627,
1691,1,0,obstacle_collision,,,440.9999999999999,573.2826527987743,
1692,1,0,boundary_collision,,,74.99999999999989,633.5297940902227,
1693,1,0,obstacle_collision,,,387.0,569.9412250399158,
1694,1,0,obstacle_collision,,,321.0,756.9867898451068,
1695,1,0,obstacle_collision,,,372.00000000000034,692.7582550933623,
1696,1,0,obstacle_collision,,,89.9999999999999,592.0354719102564,
1697,1,0,obstacle_collision,,,216.0,622.1334262037365,
1698,1,0,obstacle_collision,,,359.9999999999999,690.3861238466486,
1699,1,0,boundary_collision,,,84.00000000000004,611.2552658259887,
1700,0,1,success,,,639.0000000000002,545.8809393997925,1.1705849277364293
1701,1,0,boundary_collision,,,51.00000000000001,704.0490039762857,
1702,1,0,obstacle_collision,,,297.0000000000004,752.7682246216294,
1703,1,0,obstacle_collision,,,339.0000000000001,648.5406695034629,
1704,1,0,boundary_collision,,,89.99999999999996,664.8443426848122,
1705,0,1,success,,,770.9999999999997,644.8395149182469,1.1956463308514018
1706,0,1,success,,,744.000000000001,695.4861608975408,1.0697552903710579
1707,1,0,boundary_collision,,,57.00000000000008,589.4896097472796,
1708,1,0,obstacle_collision,,,399.0,697.2072862499358,
1709,1,0,obstacle_collision,,,258.0,535.4344030784723,
1710,1,0,obstacle_collision,,,497.99999999999966,706.4736371585284,
1711,0,1,success,,,626.9999999999999,627.326071513053,0.9994802200516446
1712,1,0,obstacle_collision,,,323.9999999999997,777.7692459849515,
1713,1,0,obstacle_collision,,,162.00000000000003,630.6346010171025,
1714,1,0,boundary_collision,,,62.99999999999998,709.429348138347,
1715,1,0,obstacle_collision,,,206.99999999999997,679.8124741426859,
1716,1,0,obstacle_collision,,,437.99999999999994,551.2322559502483,
1717,1,0,obstacle_collision,,,383.99999999999994,581.9321266264649,
1718,0,1,success,,,621.0000000000013,631.8108894281579,0.9828890422608236
1719,0,1,success,,,594.0000000000006,554.0406122298256,1.0721235716085
1720,1,0,obstacle_collision,,,399.0,678.3251432757008,
1721,0,1,success,,,665.9999999999994,630.7368706520969,1.0559078293796988
1722,0,1,success,,,606.0,612.5006122445919,0.9893867661278418
1723,0,1,success,,,741.0000000000005,699.3210993527937,1.0595990892964329
1724,1,0,obstacle_collision,,,377.9999999999999,602.0008305642111,
1725,1,0,obstacle_collision,,,233.9999999999999,618.9386076179123,
1726,1,0,boundary_collision,,,92.99999999999997,659.8825653099194,
1727,1,0,boundary_collision,,,239.99999999999983,614.772315577076,
1728,1,0,boundary_collision,,,86.99999999999999,575.73344526786,
1729,1,0,obstacle_collision,,,78.00000000000003,646.1184102004833,
1730,1,0,obstacle_collision,,,581.9999999999994,592.9190501240452,
1731,1,0,boundary_collision,,,65.99999999999993,638.5710610417607,
1732,1,0,obstacle_collision,,,483.00000000000057,660.1605865242184,
1733,1,0,obstacle_collision,,,96.00000000000011,567.5077091987386,
1734,0,1,success,,,575.9999999999999,555.2125719037709,1.037440485227038
1735,0,1,success,,,663.0000000000002,581.0008605845605,1.1411342821987185
1736,1,0,obstacle_collision,,,354.0000000000001,668.9693565478168,
1737,1,0,obstacle_collision,,,419.9999999999998,603.3274401185479,
1738,1,0,obstacle_collision,,,116.99999999999991,683.0812543175226,
1739,1,0,obstacle_collision,,,299.99999999999994,623.3538321050092,
1740,0,1,success,,,722.9999999999999,682.8440524746482,1.0588069082242502
1741,1,0,obstacle_collision,,,101.99999999999987,662.514150792268,
1742,0,1,success,,,618.0000000000015,621.4410671978478,0.994462761829754
1743,1,0,obstacle_collision,,,266.9999999999996,641.8473338730947,
1744,1,0,obstacle_collision,,,168.00000000000009,744.6408530291633,
1745,1,0,obstacle_collision,,,183.00000000000003,700.6518393610338,
1746,1,0,obstacle_collision,,,296.9999999999999,644.0753061560426,
1747,0,1,success,,,695.9999999999991,669.0605353777788,1.040264614631633
1748,0,1,success,,,753.0000000000001,728.0803527084081,1.0342265070041963
1749,1,0,obstacle_collision,,,162.00000000000003,639.027385954624,
1750,1,0,boundary_collision,,,117.00000000000003,539.4089357806375,
1751,1,0,obstacle_collision,,,429.00000000000006,538.8033036275854,
1752,1,0,obstacle_collision,,,149.99999999999986,654.4409828242727,
1753,1,0,obstacle_collision,,,231.0000000000001,607.8963727478558,
1754,1,0,obstacle_collision,,,363.0,545.0467869825488,
1755,1,0,boundary_collision,,,54.000000000000014,663.2073582221476,
1756,1,0,obstacle_collision,,,548.9999999999998,625.614897520831,
1757,1,0,obstacle_collision,,,257.99999999999926,564.1391672273784,
1758,1,0,obstacle_collision,,,137.99999999999997,560.0946348609314,
1759,0,1,success,,,645.0,588.085027865869,1.0967801753781634
1760,1,0,obstacle_collision,,,186.00000000000006,596.7889074036145,
1761,0,1,success,,,635.9999999999991,634.4540960542378,1.0024365891171252
1762,1,0,obstacle_collision,,,506.99999999999983,652.6744977398764,
1763,1,0,obstacle_collision,,,294.00000000000006,605.6418083322848,
1764,1,0,obstacle_collision,,,150.00000000000017,696.8536431705011,
1765,1,0,boundary_collision,,,50.99999999999999,663.2563606932089,
1766,1,0,obstacle_collision,,,587.9999999999993,613.3530793922861,
1767,1,0,obstacle_collision,,,261.00000000000045,578.5784302927304,
1768,1,0,obstacle_collision,,,83.99999999999991,720.1840042655766,
1769,1,0,obstacle_collision,,,197.99999999999994,658.0372329891371,
1770,1,0,obstacle_collision,,,215.99999999999974,624.3396511515186,
1771,1,0,obstacle_collision,,,120.00000000000014,681.5071533006825,
1772,1,0,obstacle_collision,,,390.0000000000002,590.013559166228,
1773,0,1,success,,,639.0,631.2289600454022,1.0123109686761502
1774,1,0,obstacle_collision,,,543.0000000000002,587.7482454248587,
1775,1,0,boundary_collision,,,81.00000000000004,596.8626307618864,
1776,0,1,success,,,678.0000000000006,675.8143236126325,1.0032341374117144
1777,1,0,obstacle_collision,,,384.00000000000006,540.123134109251,
1778,1,0,obstacle_collision,,,162.0000000000001,548.3648420531717,
1779,1,0,boundary_collision,,,65.99999999999999,635.4163989070474,
1780,1,0,obstacle_collision,,,267.0000000000001,619.18979319753,
1781,1,0,obstacle_collision,,,72.00000000000004,665.3307448179439,
1782,1,0,obstacle_collision,,,489.0,621.5866793939523,
1783,1,0,obstacle_collision,,,387.0,593.701103249775,
1784,0,1,success,,,777.0,647.6557727682198,1.1997113785907214
1785,1,0,obstacle_collision,,,227.99999999999983,579.4109077330181,
1786,1,0,obstacle_collision,,,254.9999999999999,605.7136287058431,
1787,1,0,obstacle_collision,,,273.0,712.4163108744774,
1788,1,0,obstacle_collision,,,149.99999999999997,691.9031724164878,
1789,1,0,obstacle_collision,,,705.0,558.7020672952625,
1790,1,0,boundary_collision,,,93.00000000000001,611.5962720618888,
1791,0,1,success,,,563.9999999999998,561.6057335889654,1.0042632513662808
1792,1,0,obstacle_collision,,,324.0000000000003,570.9089244354129,
1793,1,0,obstacle_collision,,,192.00000000000006,635.6233161236299,
1794,1,0,obstacle_collision,,,404.99999999999994,644.864326816114,
1795,1,0,obstacle_collision,,,291.00000000000017,567.1155085165632,
1796,1,0,obstacle_collision,,,332.9999999999998,541.4646802885669,
1797,0,1,success,,,618.0,611.2650816135337,1.0110179995374322
1798,1,0,obstacle_collision,,,576.0000000000005,630.7654080559586,
1799,1,0,obstacle_collision,,,420.0000000000003,653.4829760598205,
1800,1,0,obstacle_collision,,,68.99999999999999,645.5857805125512,
1801,1,0,boundary_collision,,,141.00000000000023,648.928347354313,
1802,0,1,success,,,578.9999999999994,588.0986311835796,0.9845287325949582
1803,1,0,obstacle_collision,,,350.99999999999926,690.0115941054904,
1804,1,0,obstacle_collision,,,215.99999999999977,607.4973250969916,
1805,0,1,success,,,735.0000000000001,719.4136501346079,1.0216653518632512
1806,1,0,obstacle_collision,,,639.0000000000003,673.8909407315103,
1807,1,0,obstacle_collision,,,347.99999999999966,545.1320940836267,
1808,1,0,obstacle_collision,,,740.9999999999998,634.5084711806454,
1809,1,0,obstacle_collision,,,170.99999999999994,649.1109304271497,
1810,1,0,obstacle_collision,,,150.00000000000009,556.0035971106662,
1811,1,0,obstacle_collision,,,344.9999999999999,579.0768515490842,
1812,0,1,success,,,707.9999999999993,578.7270513808734,1.2233746432116381
1813,1,0,obstacle_collision,,,87.00000000000001,693.2892614197915,
1814,1,0,boundary_collision,,,42.0,659.0978683018175,
1815,1,0,obstacle_collision,,,366.0000000000003,705.2942648285182,
1816,1,0,obstacle_collision,,,333.0000000000001,558.4129296497351,
1817,1,0,obstacle_collision,,,147.00000000000003,678.837241170518,
1818,1,0,boundary_collision,,,102.00000000000009,582.3830354672086,
1819,0,1,success,,,696.0000000000005,684.4004675626691,1.0169484577920298
1820,0,1,success,,,725.9999999999998,650.4429260127287,1.1161624963014702
1821,1,0,obstacle_collision,,,501.00000000000006,537.1824643452167,
1822,1,0,obstacle_collision,,,191.9999999999994,660.8002723970383,
1823,1,0,obstacle_collision,,,108.00000000000016,628.6851358191952,
1824,1,0,boundary_collision,,,89.99999999999996,602.6981002127019,
1825,1,0,obstacle_collision,,,420.0,549.440624635638,
1826,0,1,success,,,617.9999999999997,616.344059758833,1.0026867140437998
1827,0,1,success,,,705.0000000000001,647.3399416071899,1.0890723014088304
1828,1,0,obstacle_collision,,,555.0,599.0993239855976,
1829,1,0,obstacle_collision,,,410.99999999999983,613.4557848777694,
1830,1,0,obstacle_collision,,,273.00000000000017,690.6011873722779,
1831,1,0,obstacle_collision,,,336.00000000000006,587.9600326552818,
1832,0,1,success,,,740.9999999999993,620.9750397560275,1.1932846774181582
1833,1,0,obstacle_collision,,,765.0,674.3545061760914,
1834,1,0,obstacle_collision,,,434.9999999999998,588.8403858432266,
1835,1,0,obstacle_collision,,,81.0,564.9849555519155,
1836,1,0,obstacle_collision,,,444.0,677.303477032268,
1837,1,0,obstacle_collision,,,104.99999999999986,646.0665600385149,
1838,1,0,obstacle_collision,,,443.9999999999993,631.9272109982288,
1839,1,0,obstacle_collision,,,158.99999999999991,611.3198835307093,
1840,0,1,success,,,662.9999999999997,670.9135562797937,0.9882048049175297
1841,1,0,obstacle_collision,,,159.00000000000006,764.102741782805,
1842,1,0,obstacle_collision,,,516.0,645.7011692725978,
1843,1,0,obstacle_collision,,,285.0,634.5967223363197,
1844,1,0,obstacle_collision,,,1128.0000000000002,706.0453243241541,
1845,1,0,obstacle_collision,,,363.00000000000017,658.5271444671055,
1846,1,0,boundary_collision,,,873.0000000000001,631.9762653771105,
1847,1,0,boundary_collision,,,74.99999999999997,652.0398760812102,
1848,1,0,obstacle_collision,,,398.99999999999966,638.0007836985782,
1849,1,0,obstacle_collision,,,438.0,597.1205908357206,
1850,1,0,obstacle_collision,,,365.99999999999994,517.0618918466145,
1851,1,0,obstacle_collision,,,323.99999999999994,663.4274640079351,
1852,1,0,obstacle_collision,,,273.0,583.8878316937253,
1853,0,1,success,,,677.9999999999998,642.384619990236,1.0554424544135335
1854,1,0,obstacle_collision,,,143.99999999999994,641.626838590781,
1855,1,0,obstacle_collision,,,813.0000000000002,581.0309802411572,
1856,1,0,obstacle_collision,,,149.99999999999997,657.3887738621645,
1857,1,0,obstacle_collision,,,447.0000000000001,699.9464265213445,
1858,1,0,obstacle_collision,,,171.00000000000023,528.3578332910378,
1859,1,0,obstacle_collision,,,537.0000000000003,682.9004319811198,
1860,0,1,success,,,609.0000000000002,603.1401163908764,1.0097156256894149
1861,1,0,obstacle_collision,,,173.99999999999986,676.970457257922,
1862,0,1,success,,,561.000000000001,565.5766968325339,0.99190791123792
1863,1,0,obstacle_collision,,,206.99999999999974,659.7764773012145,
1864,1,0,obstacle_collision,,,486.0000000000005,568.6281737655988,
1865,1,0,obstacle_collision,,,222.00000000000006,602.8639979298814,
1866,1,0,obstacle_collision,,,306.0,626.4902233874045,
1867,1,0,obstacle_collision,,,192.00000000000003,645.108518002979,
1868,1,0,obstacle_collision,,,312.0000000000004,695.4315207121402,
1869,1,0,obstacle_collision,,,383.99999999999966,585.8190847010704,
1870,1,0,obstacle_collision,,,72.00000000000001,656.9642303809242,
1871,0,1,success,,,1130.9999999999998,612.805026089049,1.8456114944390976
1872,0,1,success,,,786.0,740.6510649421899,1.0612284747897442
1873,1,0,obstacle_collision,,,224.99999999999994,632.0957205993409,
1874,1,0,obstacle_collision,,,134.99999999999972,585.649212413028,
1875,1,0,obstacle_collision,,,417.00000000000017,560.3079510412109,
1876,1,0,obstacle_collision,,,293.9999999999999,514.3150785267724,
1877,1,0,obstacle_collision,,,120.0,654.4165340209552,
1878,0,1,success,,,834.0000000000001,756.6961080909562,1.1021597588285097
1879,0,1,success,,,597.0000000000005,561.4846391487482,1.0632525956633403
1880,0,1,success,,,612.0,612.3601881246037,0.9994118034914927
1881,1,0,obstacle_collision,,,117.00000000000017,661.1051353604811,
1882,0,1,success,,,672.0000000000002,642.5760655362134,1.0457905858028393
1883,1,0,boundary_collision,,,947.9999999999991,598.746189967001,
1884,0,1,success,,,561.0000000000003,559.3728631244101,1.002908859157918
1885,1,0,obstacle_collision,,,575.9999999999998,677.3396489206874,
1886,0,1,success,,,675.0000000000013,656.2994743255551,1.0284938909842396
1887,1,0,obstacle_collision,,,198.00000000000009,680.685683704307,
1888,1,0,obstacle_collision,,,377.99999999999966,700.5426468103137,
1889,1,0,obstacle_collision,,,428.9999999999999,619.067847654843,
1890,0,1,success,,,561.0,559.6543576172708,1.002404416876978
1891,1,0,obstacle_collision,,,168.00000000000028,609.0533638360436,
1892,0,1,success,,,740.9999999999999,718.7795211328714,1.030914179124228
1893,1,0,obstacle_collision,,,441.0000000000003,520.8857840256345,
1894,1,0,obstacle_collision,,,639.0,645.2983805961394,
1895,1,0,obstacle_collision,,,177.00000000000006,643.0777557962956,
1896,1,0,obstacle_collision,,,183.0,683.9656424119562,
1897,1,0,obstacle_collision,,,122.99999999999999,629.1200203458797,
1898,1,0,obstacle_collision,,,275.99999999999994,632.0284803709402,
1899,1,0,obstacle_collision,,,677.9999999999992,647.0680026086902,
1900,1,0,obstacle_collision,,,117.00000000000003,565.0008849550592,
1901,1,0,obstacle_collision,,,263.9999999999999,650.4898154467909,
1902,1,0,obstacle_collision,,,194.99999999999991,681.9281487077652,
1903,1,0,obstacle_collision,,,164.99999999999991,655.7758763480097,
1904,1,0,obstacle_collision,,,320.99999999999983,604.7346525543248,
1905,1,0,obstacle_collision,,,107.99999999999999,526.6735231621199,
1906,1,0,obstacle_collision,,,111.00000000000014,661.2866246946176,
1907,1,0,obstacle_collision,,,309.0000000000002,617.4827932825335,
1908,0,1,success,,,596.9999999999994,551.094365785026,1.0832990447100317
1909,1,0,obstacle_collision,,,348.0,646.309523370962,
1910,1,0,obstacle_collision,,,335.9999999999998,678.1622224807277,
1911,1,0,obstacle_collision,,,1005.0000000000015,647.1205451845892,
1912,0,1,success,,,674.9999999999999,610.891970809897,1.1049416791402757
1913,0,1,success,,,666.0000000000003,664.9466143984794,1.0015841656739224
1914,1,0,obstacle_collision,,,623.9999999999999,611.1211009284493,
1915,0,1,success,,,678.0,634.2184166357833,1.069032343142062
1916,1,0,obstacle_collision,,,822.0000000000001,523.5656596836733,
1917,0,1,success,,,663.0000000000002,577.2001386001219,1.1486483728295143
1918,1,0,obstacle_collision,,,555.0000000000003,599.1635836731067,
1919,1,0,obstacle_collision,,,560.9999999999998,595.1344385934997,
1920,1,0,obstacle_collision,,,845.9999999999991,641.7039815989924,
1921,0,1,success,,,621.0000000000007,612.3854995017435,1.0140671203110887
1922,1,0,obstacle_collision,,,458.99999999999966,648.459713474939,
1923,1,0,obstacle_collision,,,486.00000000000074,643.88585945026,
1924,1,0,obstacle_collision,,,639.0000000000005,679.9911764133415,
1925,1,0,obstacle_collision,,,179.99999999999991,632.2562771534973,
1926,1,0,obstacle_collision,,,344.99999999999994,656.269761607222,
1927,1,0,obstacle_collision,,,158.99999999999997,648.459713474939,
1928,1,0,obstacle_collision,,,180.00000000000023,588.8735008471683,
1929,1,0,obstacle_collision,,,386.9999999999999,558.3421889844972,
1930,1,0,obstacle_collision,,,582.0000000000001,678.8527086194766,
1931,1,0,obstacle_collision,,,458.99999999999966,669.0478308760892,
1932,1,0,obstacle_collision,,,405.00000000000045,716.6937979360503,
1933,1,0,obstacle_collision,,,680.9999999999989,622.0128616033594,
1934,1,0,obstacle_collision,,,573.0,617.991909332153,
1935,1,0,obstacle_collision,,,293.99999999999994,570.3586590909267,
1936,1,0,obstacle_collision,,,168.00000000000009,610.1606345873191,
1937,1,0,obstacle_collision,,,192.00000000000054,619.9354805139,
1938,1,0,obstacle_collision,,,227.99999999999974,668.5820817222071,
1939,1,0,obstacle_collision,,,108.00000000000004,704.3756100263552,
1940,1,0,obstacle_collision,,,281.99999999999994,760.5425694857587,
