episode,collision,success,termination_reason,steps,episode_return,actual_path_length,optimal_distance,path_efficiency_ratio
1,1,0,boundary_collision,,,171.00000000000006,656.1013641199049,
2,1,0,boundary_collision,,,363.0000000000001,666.4870591391854,
3,1,0,obstacle_collision,,,110.9999999999999,628.0668754201259,
4,1,0,obstacle_collision,,,242.99999999999974,607.481686966776,
5,1,0,boundary_collision,,,60.000000000000504,770.4965931138178,
6,1,0,boundary_collision,,,414.00000000000045,621.0450869300876,
7,1,0,boundary_collision,,,261.0,589.1706034757674,
8,1,0,boundary_collision,,,710.9999999999999,555.6302727533841,
9,1,0,boundary_collision,,,189.00000000000034,611.0580987107527,
10,1,0,boundary_collision,,,83.99999999999999,646.4812448942351,
11,1,0,obstacle_collision,,,107.99999999999987,671.7201798368127,
12,1,0,boundary_collision,,,182.99999999999983,583.4012341433638,
13,1,0,boundary_collision,,,231.0000000000002,641.346240341362,
14,1,0,obstacle_collision,,,339.00000000000057,681.3530655981523,
15,1,0,boundary_collision,,,74.99999999999991,657.0555532068806,
16,1,0,boundary_collision,,,303.00000000000045,669.1404934690472,
17,1,0,boundary_collision,,,98.99999999999993,588.3918762185624,
18,1,0,obstacle_collision,,,642.0,600.3374051314811,
19,1,0,boundary_collision,,,813.0000000000003,625.4150621787103,
20,1,0,obstacle_collision,,,174.00000000000009,666.2439493158644,
21,1,0,boundary_collision,,,78.00000000000003,644.4354118140933,
22,1,0,boundary_collision,,,57.00000000000001,667.9895208758892,
23,1,0,boundary_collision,,,95.9999999999999,611.9191123016178,
24,1,0,boundary_collision,,,56.99999999999997,671.148269758628,
25,1,0,boundary_collision,,,138.0,677.4813650573719,
26,1,0,boundary_collision,,,698.9999999999998,581.9286897893934,
27,1,0,obstacle_collision,,,222.00000000000009,618.0687664006329,
28,1,0,boundary_collision,,,282.00000000000006,596.7051198037436,
29,1,0,boundary_collision,,,48.00000000000003,617.4690275633264,
30,1,0,boundary_collision,,,120.00000000000021,777.402083866515,
31,1,0,boundary_collision,,,99.00000000000001,679.4718537216976,
32,1,0,boundary_collision,,,378.0000000000004,722.0540146000159,
33,1,0,boundary_collision,,,636.0000000000002,641.7702080963247,
34,1,0,boundary_collision,,,177.00000000000074,648.8451279003334,
35,1,0,boundary_collision,,,234.0000000000001,606.750360527293,
36,1,0,boundary_collision,,,150.00000000000006,568.9639707398001,
37,1,0,boundary_collision,,,132.0,657.2199023158079,
38,1,0,boundary_collision,,,156.0000000000006,620.0725763973118,
39,1,0,boundary_collision,,,129.00000000000006,550.1208958038223,
40,1,0,boundary_collision,,,143.99999999999997,622.7182348381971,
41,1,0,obstacle_collision,,,126.00000000000007,628.8815468750852,
42,1,0,boundary_collision,,,131.9999999999999,536.8286505021877,
43,1,0,boundary_collision,,,153.00000000000003,659.04172857263,
44,1,0,boundary_collision,,,159.00000000000034,560.7040217440928,
45,1,0,obstacle_collision,,,206.99999999999994,589.4141158811859,
46,1,0,boundary_collision,,,360.00000000000034,697.0258244857216,
47,1,0,boundary_collision,,,54.0,755.3442923594512,
48,1,0,boundary_collision,,,132.0,705.8625928606785,
49,1,0,boundary_collision,,,101.99999999999999,556.1088023040096,
50,1,0,boundary_collision,,,149.9999999999999,671.0365116742903,
51,1,0,obstacle_collision,,,633.0000000000006,592.6162333247378,
52,1,0,boundary_collision,,,53.99999999999993,679.3717686215699,
53,1,0,boundary_collision,,,216.00000000000006,534.0131084533413,
54,1,0,boundary_collision,,,425.99999999999955,661.7015943761961,
55,1,0,boundary_collision,,,132.00000000000003,605.0057850963079,
56,1,0,boundary_collision,,,62.999999999999964,712.166413136705,
57,1,0,boundary_collision,,,65.99999999999991,669.7850401434777,
58,1,0,obstacle_collision,,,159.0,608.3978961173353,
59,1,0,boundary_collision,,,476.9999999999997,756.2096270215026,
60,1,0,obstacle_collision,,,168.0000000000002,572.8568756679106,
61,1,0,boundary_collision,,,48.000000000000014,599.5439933816367,
62,1,0,boundary_collision,,,78.0,709.3898786985899,
63,1,0,boundary_collision,,,180.00000000000003,565.4882845824483,
64,1,0,boundary_collision,,,128.9999999999999,586.054604964418,
65,1,0,boundary_collision,,,563.999999999999,749.0327095661444,
66,1,0,boundary_collision,,,89.99999999999983,535.5837936308379,
67,1,0,obstacle_collision,,,164.9999999999999,705.9249251868076,
68,1,0,boundary_collision,,,147.00000000000003,683.7287473845165,
69,1,0,obstacle_collision,,,449.9999999999998,695.2330544500887,
70,1,0,boundary_collision,,,92.99999999999996,662.57226021016,
71,1,0,boundary_collision,,,681.0000000000003,700.5883241961716,
72,1,0,boundary_collision,,,122.99999999999994,567.768438714235,
73,1,0,boundary_collision,,,129.0,530.5186141880415,
74,1,0,boundary_collision,,,219.00000000000003,564.797308775458,
75,1,0,boundary_collision,,,836.9999999999993,646.672250834996,
76,1,0,boundary_collision,,,77.99999999999994,787.0006353237588,
77,1,0,boundary_collision,,,678.0,634.0504711771769,
78,1,0,boundary_collision,,,54.000000000000014,629.6959583799153,
79,1,0,boundary_collision,,,195.00000000000003,602.5612002112316,
80,1,0,obstacle_collision,,,54.000000000000014,654.404309276765,
81,1,0,boundary_collision,,,96.00000000000001,701.719317106206,
82,1,0,boundary_collision,,,327.00000000000017,655.1289949315326,
83,1,0,boundary_collision,,,201.00000000000003,690.0789809869592,
84,1,0,boundary_collision,,,224.9999999999998,661.6358515074587,
85,1,0,boundary_collision,,,680.9999999999998,589.5252327084906,
86,1,0,boundary_collision,,,717.0000000000005,691.5518780250691,
87,1,0,boundary_collision,,,152.9999999999998,622.5913587578934,
88,1,0,boundary_collision,,,135.00000000000009,624.1354019762058,
89,1,0,boundary_collision,,,726.0000000000005,636.8775392491087,
90,1,0,obstacle_collision,,,92.99999999999999,640.8876656638041,
91,1,0,boundary_collision,,,273.00000000000045,587.6495554324873,
92,1,0,boundary_collision,,,69.0,575.6813354625978,
93,1,0,obstacle_collision,,,306.0,667.6593442767053,
94,1,0,obstacle_collision,,,726.0,600.2482819633889,
95,1,0,boundary_collision,,,135.00000000000003,755.6771797533653,
96,1,0,boundary_collision,,,147.00000000000006,595.8095333241992,
97,1,0,boundary_collision,,,101.99999999999963,541.2439376103903,
98,1,0,boundary_collision,,,50.99999999999999,697.8287755603089,
99,1,0,boundary_collision,,,221.99999999999966,686.0357133560905,
100,1,0,boundary_collision,,,251.99999999999986,548.3885483851756,
101,1,0,boundary_collision,,,86.9999999999998,718.0250692002335,
102,1,0,boundary_collision,,,357.0,579.7413216254298,
103,1,0,boundary_collision,,,195.00000000000006,589.448046904899,
104,1,0,boundary_collision,,,51.00000000000002,650.9454662258582,
105,1,0,boundary_collision,,,762.0000000000005,656.3246148058139,
106,1,0,boundary_collision,,,680.9999999999997,583.6582904405625,
107,1,0,boundary_collision,,,60.0,673.2428982172779,
108,1,0,boundary_collision,,,161.9999999999997,620.0129030915405,
109,1,0,boundary_collision,,,375.0000000000003,597.756639444515,
110,1,0,boundary_collision,,,294.00000000000017,627.2766534791486,
111,1,0,boundary_collision,,,87.00000000000009,559.0724461105198,
112,1,0,boundary_collision,,,386.9999999999999,649.5852522956475,
113,1,0,obstacle_collision,,,102.00000000000023,703.6966676061497,
114,1,0,boundary_collision,,,53.99999999999977,655.433444370975,
115,1,0,boundary_collision,,,69.00000000000044,594.7982851353894,
116,1,0,boundary_collision,,,36.000000000000036,714.3087567711879,
117,1,0,obstacle_collision,,,371.9999999999996,607.8527782284128,
118,1,0,boundary_collision,,,99.00000000000009,653.1194377753582,
119,1,0,obstacle_collision,,,101.99999999999982,648.8528338537176,
120,1,0,boundary_collision,,,252.00000000000009,593.5267475017448,
121,1,0,boundary_collision,,,62.99999999999999,627.8359658382116,
122,1,0,boundary_collision,,,186.00000000000017,632.1495076324903,
123,1,0,obstacle_collision,,,71.99999999999996,692.4738262201685,
124,1,0,boundary_collision,,,47.99999999999999,702.7012167343955,
125,1,0,boundary_collision,,,185.99999999999997,538.61396194306,
126,1,0,boundary_collision,,,213.0,698.2793137420011,
127,1,0,obstacle_collision,,,84.00000000000004,681.5350321150044,
128,1,0,boundary_collision,,,608.9999999999999,610.6398283767609,
129,1,0,obstacle_collision,,,272.9999999999999,601.2869531263755,
130,1,0,boundary_collision,,,116.9999999999999,596.188728508012,
131,1,0,boundary_collision,,,692.9999999999981,571.4157855712423,
132,1,0,boundary_collision,,,281.99999999999955,566.2949761387611,
133,1,0,obstacle_collision,,,587.9999999999994,533.4538405523012,
134,1,0,boundary_collision,,,131.99999999999991,621.1119061811647,
135,1,0,boundary_collision,,,240.0000000000003,625.0031999918081,
136,1,0,boundary_collision,,,1044.0,567.0282179927203,
137,1,0,boundary_collision,,,132.00000000000006,637.7656309334958,
138,1,0,obstacle_collision,,,204.00000000000017,587.1669268615186,
139,1,0,boundary_collision,,,474.00000000000034,637.5970514360931,
140,1,0,boundary_collision,,,243.0000000000003,690.1572284631959,
141,1,0,boundary_collision,,,252.00000000000003,686.6556633422607,
142,1,0,boundary_collision,,,60.00000000000002,620.8808259239449,
143,1,0,obstacle_collision,,,68.99999999999991,664.8308055437865,
144,1,0,boundary_collision,,,155.99999999999997,550.0445436507847,
145,1,0,boundary_collision,,,140.9999999999999,561.9119148051587,
146,1,0,boundary_collision,,,53.99999999999999,695.4574034403545,
147,1,0,obstacle_collision,,,224.99999999999986,649.1502137410108,
148,0,1,success,,,705.0,623.3393939099309,1.1310050461881582
149,1,0,boundary_collision,,,350.99999999999994,606.0379526069304,
150,1,0,boundary_collision,,,123.00000000000004,601.8388488623845,
151,1,0,boundary_collision,,,485.9999999999996,631.9620241755038,
152,1,0,boundary_collision,,,129.00000000000003,595.3729923333775,
153,1,0,boundary_collision,,,243.00000000000006,586.2055953332414,
154,1,0,obstacle_collision,,,281.99999999999983,585.8344476044406,
155,1,0,boundary_collision,,,60.00000000000006,709.3489973207828,
156,1,0,obstacle_collision,,,147.0000000000001,546.4540236836033,
157,1,0,boundary_collision,,,66.00000000000037,627.2041135069189,
158,1,0,boundary_collision,,,75.00000000000004,667.953591202263,
159,1,0,obstacle_collision,,,429.0000000000001,627.0797397460709,
160,0,1,success,,,750.0000000000006,626.4894252898448,1.197147102128681
161,1,0,obstacle_collision,,,155.99999999999974,716.9191028282062,
162,1,0,boundary_collision,,,134.99999999999997,542.2361109332354,
163,1,0,boundary_collision,,,54.00000000000005,613.0097878500799,
164,1,0,boundary_collision,,,272.99999999999955,659.0394525367961,
165,1,0,obstacle_collision,,,167.9999999999996,683.7141215449627,
166,1,0,obstacle_collision,,,176.99999999999966,595.58542628241,
167,1,0,boundary_collision,,,282.0000000000006,647.5955527951069,
168,1,0,obstacle_collision,,,663.0000000000001,623.5655538914895,
169,1,0,boundary_collision,,,696.0000000000008,664.4877726489781,
170,1,0,obstacle_collision,,,182.99999999999986,709.5047568550897,
171,1,0,boundary_collision,,,743.9999999999993,672.6878919677387,
172,1,0,boundary_collision,,,354.00000000000045,685.6500565157127,
173,1,0,boundary_collision,,,138.0,615.0983661171601,
174,1,0,boundary_collision,,,108.0,567.1842734068003,
175,1,0,obstacle_collision,,,264.0,584.3184063505103,
176,1,0,boundary_collision,,,105.00000000000017,678.9550795155744,
177,1,0,boundary_collision,,,123.00000000000013,612.6867062373722,
178,1,0,boundary_collision,,,123.00000000000004,593.6472016273639,
179,1,0,boundary_collision,,,123.00000000000001,593.3641377771326,
180,1,0,obstacle_collision,,,780.0000000000002,556.9784555977009,
181,1,0,boundary_collision,,,335.99999999999983,693.8875989668644,
182,1,0,obstacle_collision,,,260.99999999999994,748.1931568786232,
183,1,0,boundary_collision,,,528.0,664.1596193687177,
184,1,0,boundary_collision,,,309.0000000000003,648.8913622479498,
185,1,0,boundary_collision,,,182.99999999999997,565.022123460666,
186,1,0,obstacle_collision,,,332.99999999999983,607.4948559452994,
187,1,0,boundary_collision,,,206.99999999999983,545.5098532565659,
188,1,0,boundary_collision,,,131.99999999999997,563.8794197343967,
189,1,0,boundary_collision,,,411.0000000000001,602.4018592268785,
190,1,0,obstacle_collision,,,279.00000000000017,670.7682163012795,
191,1,0,boundary_collision,,,699.0000000000001,630.8407088956768,
192,1,0,boundary_collision,,,153.00000000000014,663.5909884861306,
193,1,0,boundary_collision,,,96.00000000000001,648.5136852835104,
194,1,0,boundary_collision,,,72.00000000000003,715.4725711024847,
195,1,0,obstacle_collision,,,251.9999999999996,553.1744751884346,
196,1,0,boundary_collision,,,266.9999999999999,644.5254067916951,
197,1,0,obstacle_collision,,,393.00000000000006,594.9193222614307,
198,1,0,boundary_collision,,,75.00000000000003,596.2717501274062,
199,1,0,obstacle_collision,,,218.99999999999957,564.621111897173,
200,1,0,boundary_collision,,,180.0,602.7968148555532,
201,1,0,obstacle_collision,,,101.99999999999999,613.9486949249098,
202,1,0,boundary_collision,,,90.00000000000006,565.0566343296927,
203,1,0,obstacle_collision,,,383.99999999999994,776.99935649909,
204,1,0,obstacle_collision,,,96.00000000000021,655.8810867832674,
205,1,0,boundary_collision,,,71.99999999999999,633.0347541802108,
206,1,0,boundary_collision,,,125.99999999999973,707.6785993655594,
207,1,0,obstacle_collision,,,558.0,589.27497825718,
208,1,0,obstacle_collision,,,287.99999999999994,689.5135966752215,
209,1,0,boundary_collision,,,68.99999999999996,674.5405843980035,
210,1,0,boundary_collision,,,122.99999999999989,749.4050973939262,
211,1,0,boundary_collision,,,77.99999999999999,662.5299993207855,
212,1,0,obstacle_collision,,,473.9999999999999,692.567686222798,
213,1,0,obstacle_collision,,,488.9999999999997,553.7815453768751,
214,1,0,boundary_collision,,,240.00000000000028,656.269761607222,
215,1,0,obstacle_collision,,,104.9999999999999,646.2236454974392,
216,1,0,boundary_collision,,,732.0000000000001,594.1397142087036,
217,1,0,boundary_collision,,,405.0000000000001,628.3764795089007,
218,1,0,boundary_collision,,,189.0,615.0325194654345,
219,1,0,boundary_collision,,,120.00000000000004,566.1457409536877,
220,1,0,boundary_collision,,,129.00000000000009,593.5065290289568,
221,1,0,boundary_collision,,,195.00000000000043,628.9562782896758,
222,1,0,obstacle_collision,,,114.00000000000003,653.7583651472461,
223,1,0,boundary_collision,,,102.00000000000009,765.2091217438538,
224,1,0,boundary_collision,,,188.99999999999983,656.2514761888159,
225,1,0,obstacle_collision,,,371.9999999999998,658.6076221848635,
226,1,0,boundary_collision,,,392.9999999999999,645.3340220382,
227,1,0,boundary_collision,,,77.99999999999997,740.8873058704677,
228,1,0,boundary_collision,,,165.0,558.7020672952625,
229,1,0,obstacle_collision,,,125.99999999999994,623.8469363553852,
230,1,0,obstacle_collision,,,402.0000000000003,615.9521085279276,
231,1,0,boundary_collision,,,89.99999999999997,648.72567391772,
232,1,0,boundary_collision,,,410.9999999999998,616.9935169837686,
233,1,0,boundary_collision,,,504.00000000000006,595.4032247141428,
234,1,0,boundary_collision,,,74.99999999999999,700.8865814095744,
235,1,0,obstacle_collision,,,65.99999999999994,616.5362925246169,
236,1,0,boundary_collision,,,92.99999999999999,581.7740111074058,
237,1,0,boundary_collision,,,98.99999999999999,607.1614282874036,
238,1,0,boundary_collision,,,752.9999999999999,743.3982781793351,
239,1,0,boundary_collision,,,290.99999999999983,644.9162736355782,
240,1,0,boundary_collision,,,738.0000000000001,563.1500688093716,
241,1,0,boundary_collision,,,134.99999999999997,550.7885256611652,
242,1,0,boundary_collision,,,116.99999999999987,656.4792456734638,
243,1,0,boundary_collision,,,417.0,652.4944444207936,
244,1,0,boundary_collision,,,156.00000000000057,559.1082185051478,
245,1,0,boundary_collision,,,122.99999999999947,767.5161236091395,
246,1,0,boundary_collision,,,72.00000000000001,781.232999815036,
247,0,1,success,,,600.0000000000003,583.0626038428463,1.0290490181423455
248,1,0,obstacle_collision,,,398.9999999999998,590.4879338309971,
249,1,0,obstacle_collision,,,150.0,652.2001226617487,
250,1,0,boundary_collision,,,131.99999999999997,625.1351853799305,
251,1,0,boundary_collision,,,134.9999999999997,568.4514051350388,
252,1,0,obstacle_collision,,,126.0,566.6339206224774,
253,1,0,obstacle_collision,,,89.99999999999999,603.4509093538595,
254,1,0,boundary_collision,,,101.99999999999996,737.1404208154645,
255,1,0,obstacle_collision,,,356.9999999999997,756.8381597144795,
256,1,0,boundary_collision,,,1190.9999999999998,538.2090671848626,
257,1,0,boundary_collision,,,102.00000000000018,717.8203117772581,
258,1,0,boundary_collision,,,173.9999999999999,631.6771327189231,
259,1,0,boundary_collision,,,485.99999999999966,630.3411774586839,
260,1,0,obstacle_collision,,,422.9999999999995,594.7713846512793,
261,1,0,boundary_collision,,,398.99999999999966,722.872741220749,
262,1,0,boundary_collision,,,174.00000000000023,584.0856101634417,
263,1,0,boundary_collision,,,129.00000000000009,615.3373058737785,
264,1,0,boundary_collision,,,224.99999999999994,624.0640992718617,
265,1,0,boundary_collision,,,47.99999999999999,585.2469564209625,
266,1,0,boundary_collision,,,53.99999999999999,707.6326730726896,
267,0,1,success,,,660.0000000000007,594.0412443593458,1.111033966524983
268,1,0,boundary_collision,,,131.99999999999994,606.97281652476,
269,1,0,obstacle_collision,,,96.0,570.8283454769919,
270,1,0,boundary_collision,,,141.0,596.6640595846209,
271,1,0,obstacle_collision,,,932.9999999999998,589.406481131655,
272,1,0,boundary_collision,,,327.00000000000006,616.2629308988169,
273,1,0,boundary_collision,,,53.999999999999986,604.2822188348752,
274,1,0,obstacle_collision,,,209.99999999999997,544.6062798022072,
275,1,0,boundary_collision,,,389.9999999999998,612.0294110579981,
276,1,0,obstacle_collision,,,186.00000000000017,630.489492378739,
277,1,0,boundary_collision,,,293.9999999999998,653.5174060421039,
278,1,0,obstacle_collision,,,450.0000000000001,614.4688763476959,
279,1,0,obstacle_collision,,,138.00000000000023,648.2777182658679,
280,1,0,boundary_collision,,,129.0000000000001,573.6453608284478,
281,1,0,boundary_collision,,,131.9999999999999,601.4690349469372,
282,1,0,boundary_collision,,,252.0,669.1427351469939,
283,1,0,boundary_collision,,,102.00000000000014,661.3017465575,
284,1,0,boundary_collision,,,113.99999999999997,630.0285707807226,
285,1,0,boundary_collision,,,63.000000000000014,629.2360447399687,
286,1,0,obstacle_collision,,,138.00000000000009,703.2865703253547,
287,1,0,boundary_collision,,,60.000000000000014,645.8211826813982,
288,1,0,obstacle_collision,,,629.9999999999999,538.8033036275854,
289,1,0,boundary_collision,,,78.00000000000001,703.6391120453723,
290,1,0,boundary_collision,,,75.00000000000004,620.2096419760015,
291,1,0,boundary_collision,,,50.99999999999999,760.80615139469,
292,1,0,obstacle_collision,,,74.99999999999999,731.8367304255779,
293,1,0,boundary_collision,,,494.9999999999999,697.5528653801086,
294,1,0,obstacle_collision,,,77.99999999999993,656.0617349000016,
295,1,0,boundary_collision,,,329.9999999999999,540.049071844402,
296,1,0,boundary_collision,,,45.000000000000014,747.3078348311357,
297,1,0,boundary_collision,,,81.00000000000017,693.3238781406566,
298,1,0,boundary_collision,,,620.9999999999999,586.8372857956454,
299,1,0,boundary_collision,,,126.0,683.9488284952319,
300,1,0,boundary_collision,,,609.0000000000002,535.9944029558518,
301,1,0,boundary_collision,,,63.00000000000001,816.4465689804814,
302,1,0,boundary_collision,,,200.99999999999983,581.5126825788067,
303,1,0,boundary_collision,,,134.99999999999946,642.3768364441545,
304,1,0,boundary_collision,,,132.00000000000009,640.6637183421581,
305,1,0,boundary_collision,,,876.000000000001,634.6794466500393,
306,1,0,boundary_collision,,,134.99999999999991,696.287297026163,
307,1,0,obstacle_collision,,,638.9999999999998,640.8650403946216,
308,1,0,boundary_collision,,,600.0000000000002,685.4815825388746,
309,1,0,obstacle_collision,,,59.99999999999997,597.0410371155403,
310,1,0,boundary_collision,,,110.99999999999994,557.9175566335944,
311,1,0,obstacle_collision,,,96.00000000000011,587.6495554324873,
312,1,0,boundary_collision,,,159.00000000000006,618.8093405888441,
313,1,0,boundary_collision,,,698.9999999999997,612.1601097752123,
314,1,0,obstacle_collision,,,153.00000000000009,541.0009242136283,
315,1,0,boundary_collision,,,138.00000000000006,546.0741707863502,
316,1,0,boundary_collision,,,198.0,639.1126661239002,
317,1,0,boundary_collision,,,374.9999999999999,631.8892307991963,
318,1,0,obstacle_collision,,,278.9999999999999,683.593446428504,
319,1,0,boundary_collision,,,123.00000000000006,626.9290230959164,
320,1,0,boundary_collision,,,98.99999999999999,632.1115407900729,
321,1,0,boundary_collision,,,324.00000000000006,622.1133337262593,
322,1,0,obstacle_collision,,,632.9999999999998,699.7063669854663,
323,1,0,boundary_collision,,,153.0000000000001,615.552597265254,
324,1,0,boundary_collision,,,68.99999999999997,662.5345274021573,
325,1,0,boundary_collision,,,129.00000000000023,589.2919480189764,
326,1,0,obstacle_collision,,,308.99999999999983,636.9740968045718,
327,1,0,boundary_collision,,,359.9999999999999,532.634959423431,
328,1,0,boundary_collision,,,795.0000000000005,687.1280812192149,
329,1,0,obstacle_collision,,,329.99999999999943,578.1530939119846,
330,0,1,success,,,569.9999999999998,549.440624635638,1.0374187390639267
331,1,0,obstacle_collision,,,168.0000000000002,573.6375162068813,
332,1,0,obstacle_collision,,,216.00000000000006,645.1449449542328,
333,1,0,boundary_collision,,,675.0000000000006,580.6281081725203,
334,1,0,boundary_collision,,,45.000000000000014,748.0407742897441,
335,1,0,boundary_collision,,,150.00000000000034,631.4697142381415,
336,1,0,boundary_collision,,,128.9999999999996,785.82758923316,
337,1,0,boundary_collision,,,138.00000000000003,619.1066144049828,
338,1,0,boundary_collision,,,44.99999999999999,694.3846196453375,
339,1,0,obstacle_collision,,,347.9999999999999,632.5266792792222,
340,1,0,boundary_collision,,,135.0,668.4676506757825,
341,1,0,obstacle_collision,,,153.00000000000017,588.500637212909,
342,1,0,obstacle_collision,,,494.99999999999983,662.9509785798646,
343,1,0,obstacle_collision,,,173.99999999999974,612.8964023389271,
344,1,0,boundary_collision,,,66.00000000000034,655.6683612925059,
345,1,0,boundary_collision,,,71.99999999999997,651.3102179453351,
346,1,0,obstacle_collision,,,287.9999999999999,562.2561693747789,
347,1,0,obstacle_collision,,,644.9999999999995,622.9301726517989,
348,1,0,obstacle_collision,,,129.00000000000006,544.4713031923721,
349,1,0,boundary_collision,,,105.00000000000018,674.0741798941716,
350,1,0,obstacle_collision,,,132.00000000000014,594.7049688711202,
351,1,0,obstacle_collision,,,132.00000000000014,657.6077858419865,
352,1,0,boundary_collision,,,98.99999999999999,562.0693907339199,
353,1,0,obstacle_collision,,,282.0000000000001,685.054742338158,
354,1,0,obstacle_collision,,,110.99999999999993,586.4511914899654,
355,1,0,boundary_collision,,,81.00000000000003,744.7314952383846,
356,1,0,boundary_collision,,,98.99999999999996,671.1929677819934,
357,1,0,obstacle_collision,,,687.0000000000005,637.7154537879727,
358,1,0,boundary_collision,,,347.99999999999915,598.8739433303139,
359,1,0,obstacle_collision,,,249.0,679.1082387955546,
360,1,0,obstacle_collision,,,174.00000000000006,610.3810285387317,
361,1,0,obstacle_collision,,,297.0000000000002,604.4675342812052,
362,1,0,boundary_collision,,,267.00000000000017,626.9968101992226,
363,1,0,obstacle_collision,,,395.9999999999996,568.9639707398001,
364,1,0,boundary_collision,,,309.0000000000001,561.3305621467622,
365,1,0,boundary_collision,,,110.99999999999999,604.8289014258495,
366,1,0,obstacle_collision,,,528.0000000000002,722.9412147609237,
367,1,0,boundary_collision,,,56.999999999999986,659.3822866895956,
368,1,0,obstacle_collision,,,339.0,649.2149104880448,
369,1,0,boundary_collision,,,410.99999999999955,575.3920402647225,
370,1,0,boundary_collision,,,132.00000000000009,545.2201390264303,
371,1,0,obstacle_collision,,,201.0,645.0713138870772,
372,1,0,boundary_collision,,,138.00000000000003,583.6137421274451,
373,1,0,boundary_collision,,,74.99999999999997,636.0503124753576,
374,1,0,boundary_collision,,,123.00000000000006,593.7920511424854,
375,1,0,boundary_collision,,,47.999999999999844,603.6828637620915,
376,1,0,boundary_collision,,,87.0000000000002,680.9948604798717,
377,1,0,boundary_collision,,,92.99999999999999,611.0008183300575,
378,1,0,boundary_collision,,,183.0,736.2506366720507,
379,1,0,boundary_collision,,,203.99999999999986,670.2313033572813,
380,1,0,boundary_collision,,,65.99999999999999,698.6107643029844,
381,1,0,boundary_collision,,,104.99999999999982,660.7397369615362,
382,1,0,obstacle_collision,,,161.99999999999994,633.0031595497767,
383,1,0,obstacle_collision,,,99.00000000000001,578.395193617651,
384,1,0,boundary_collision,,,464.9999999999995,631.3477647065839,
385,1,0,boundary_collision,,,222.00000000000014,623.9695505391269,
386,1,0,boundary_collision,,,743.9999999999999,641.4312122121904,
387,1,0,boundary_collision,,,431.9999999999998,649.129416988631,
388,1,0,obstacle_collision,,,138.0,629.2002860774937,
389,1,0,boundary_collision,,,80.99999999999996,626.3649096173891,
390,1,0,obstacle_collision,,,204.00000000000006,570.0885896069136,
391,1,0,obstacle_collision,,,438.0000000000001,682.5108057752639,
392,1,0,boundary_collision,,,158.99999999999991,585.2631886595979,
393,0,1,success,,,807.0,682.7188293873254,1.182038586403432
394,1,0,boundary_collision,,,552.0000000000006,647.1978059295319,
395,1,0,boundary_collision,,,555.0000000000003,620.9774553073565,
396,1,0,boundary_collision,,,401.9999999999997,574.2821606144491,
397,1,0,obstacle_collision,,,275.99999999999955,513.047756061753,
398,1,0,boundary_collision,,,437.9999999999999,598.8330318210578,
399,1,0,obstacle_collision,,,269.99999999999994,581.6889203001894,
400,1,0,obstacle_collision,,,347.99999999999943,553.3615454655302,
401,1,0,boundary_collision,,,56.99999999999999,591.1657973868245,
402,1,0,boundary_collision,,,110.99999999999982,585.4135290544625,
403,1,0,boundary_collision,,,173.99999999999983,692.288957011449,
404,1,0,boundary_collision,,,419.9999999999994,666.9580196684046,
405,1,0,obstacle_collision,,,398.99999999999966,577.9697223903688,
406,1,0,boundary_collision,,,825.0,649.5798642199434,
407,1,0,obstacle_collision,,,123.00000000000007,619.5562928419015,
408,1,0,boundary_collision,,,78.00000000000003,603.6969438385455,
409,1,0,obstacle_collision,,,669.0,740.3039916142557,
410,1,0,boundary_collision,,,62.99999999999932,720.0812454160989,
411,1,0,obstacle_collision,,,270.00000000000017,656.3078545926446,
412,1,0,obstacle_collision,,,57.00000000000001,704.46007693836,
413,1,0,boundary_collision,,,93.0,623.9503185350577,
414,1,0,boundary_collision,,,56.999999999999986,737.5208471629802,
415,1,0,obstacle_collision,,,234.00000000000045,718.8915078090713,
416,1,0,obstacle_collision,,,221.99999999999972,663.9593361042527,
417,1,0,boundary_collision,,,270.00000000000006,660.9061960671877,
418,1,0,boundary_collision,,,48.00000000000001,651.0768003853309,
419,1,0,boundary_collision,,,105.00000000000023,676.4909459852364,
420,1,0,boundary_collision,,,318.0,589.8686294421835,
421,1,0,obstacle_collision,,,135.00000000000009,613.1794190936288,
422,1,0,boundary_collision,,,75.00000000000001,578.1046618044176,
423,1,0,boundary_collision,,,102.0,643.3762507273641,
424,0,1,success,,,603.000000000001,533.8211310916795,1.1295918518003376
425,1,0,boundary_collision,,,195.00000000000009,649.0123265393347,
426,1,0,boundary_collision,,,50.999999999999986,703.3100312095655,
427,1,0,boundary_collision,,,117.00000000000027,581.3226298708834,
428,1,0,obstacle_collision,,,258.00000000000034,656.1745194687157,
429,1,0,obstacle_collision,,,428.9999999999996,670.9813708293249,
430,1,0,boundary_collision,,,212.9999999999992,647.9729932643799,
431,1,0,boundary_collision,,,254.99999999999983,675.0,
432,1,0,boundary_collision,,,932.9999999999997,660.4490896352269,
433,1,0,boundary_collision,,,690.0000000000001,547.00365629491,
434,1,0,obstacle_collision,,,389.9999999999999,658.9840665752093,
435,1,0,obstacle_collision,,,114.00000000000006,734.9319696407281,
436,1,0,boundary_collision,,,734.9999999999993,577.4582235971707,
437,1,0,boundary_collision,,,213.00000000000014,613.4525246504411,
438,1,0,obstacle_collision,,,240.0000000000004,665.627523469395,
439,1,0,obstacle_collision,,,213.00000000000028,641.1871801588051,
440,1,0,boundary_collision,,,114.00000000000006,579.0215885439851,
441,1,0,boundary_collision,,,572.9999999999997,689.5810322217397,
442,1,0,obstacle_collision,,,159.00000000000009,689.3547707820697,
443,1,0,obstacle_collision,,,378.0000000000001,603.6099734099827,
444,1,0,boundary_collision,,,135.00000000000006,690.9355975776614,
445,1,0,boundary_collision,,,147.0000000000001,564.0257086339238,
446,1,0,boundary_collision,,,522.0000000000006,542.1964588597015,
447,1,0,boundary_collision,,,68.99999999999994,646.0030959678135,
448,0,1,success,,,617.9999999999993,622.2997669933679,0.9930905212866415
449,1,0,boundary_collision,,,725.999999999999,618.0622945949705,
450,1,0,boundary_collision,,,135.00000000000009,628.2037885909317,
451,1,0,boundary_collision,,,102.00000000000001,638.8020037539018,
452,1,0,obstacle_collision,,,423.00000000000006,657.2800012171373,
453,1,0,obstacle_collision,,,330.00000000000006,575.2329962719455,
454,1,0,boundary_collision,,,119.99999999999999,775.2689855785538,
455,1,0,boundary_collision,,,48.000000000000014,601.6061834788602,
456,1,0,obstacle_collision,,,425.99999999999994,614.1433057520044,
457,1,0,obstacle_collision,,,110.99999999999993,593.142478667647,
458,1,0,boundary_collision,,,197.99999999999983,598.1605135747427,
459,1,0,obstacle_collision,,,236.9999999999999,543.721436031356,
460,0,1,success,,,575.9999999999995,590.3253340320065,0.9757331538964068
461,1,0,boundary_collision,,,36.000000000000014,684.290143141051,
462,1,0,boundary_collision,,,138.00000000000014,617.0453792064243,
463,1,0,boundary_collision,,,96.0,693.8140961381514,
464,1,0,obstacle_collision,,,75.00000000000011,584.0136984694794,
465,1,0,boundary_collision,,,84.00000000000014,678.88879796326,
466,1,0,obstacle_collision,,,414.0,612.3005797808785,
467,1,0,boundary_collision,,,836.9999999999997,625.6532586025586,
468,0,1,success,,,659.9999999999998,588.66968666647,1.121172051065616
469,1,0,obstacle_collision,,,942.0000000000002,694.4595020589753,
470,1,0,obstacle_collision,,,332.9999999999996,687.5558159160607,
471,1,0,boundary_collision,,,443.99999999999966,666.0750708441204,
472,1,0,obstacle_collision,,,177.00000000000017,593.7785782596068,
473,1,0,obstacle_collision,,,150.0000000000001,632.7116246758866,
474,1,0,obstacle_collision,,,120.00000000000013,643.2573357529628,
475,1,0,boundary_collision,,,54.0,586.8372857956454,
476,1,0,boundary_collision,,,167.9999999999998,554.0081226841354,
477,1,0,obstacle_collision,,,159.00000000000006,563.7055969209459,
478,1,0,boundary_collision,,,179.9999999999997,532.9024300939151,
479,1,0,obstacle_collision,,,1200.000000000001,669.914173607336,
480,1,0,obstacle_collision,,,141.00000000000006,665.532117932711,
481,1,0,boundary_collision,,,105.00000000000003,536.4932432006949,
482,1,0,obstacle_collision,,,473.9999999999996,555.3971551961713,
483,1,0,obstacle_collision,,,213.00000000000014,562.3922118948661,
484,1,0,obstacle_collision,,,159.00000000000006,649.8253611548259,
485,1,0,obstacle_collision,,,78.00000000000003,721.8046827224107,
486,1,0,obstacle_collision,,,261.00000000000006,619.2285523132796,
487,1,0,boundary_collision,,,38.999999999999744,609.1182151274086,
488,1,0,boundary_collision,,,80.99999999999986,613.3596008867881,
489,1,0,obstacle_collision,,,873.0000000000003,587.2180174347513,
490,1,0,obstacle_collision,,,102.0000000000001,606.0528029800704,
491,1,0,boundary_collision,,,815.9999999999995,655.0030534279974,
492,1,0,boundary_collision,,,777.0,679.6145966649038,
493,1,0,obstacle_collision,,,704.9999999999998,702.8684087366568,
494,1,0,boundary_collision,,,201.0000000000003,655.4296300900654,
495,0,1,success,,,921.0,596.1207931283726,1.5449888858375482
496,1,0,obstacle_collision,,,366.00000000000017,631.6011399609725,
497,0,1,success,,,615.0000000000005,628.9864863413204,0.9777634549468998
498,1,0,boundary_collision,,,864.0000000000001,633.5297940902227,
499,1,0,boundary_collision,,,143.99999999999997,663.9615952749075,
500,1,0,boundary_collision,,,50.9999999999998,568.1170654011372,
501,1,0,boundary_collision,,,182.99999999999994,573.8379562210921,
502,1,0,boundary_collision,,,804.0,550.7558442722147,
503,1,0,obstacle_collision,,,230.99999999999994,578.3640721898275,
504,1,0,boundary_collision,,,758.9999999999995,604.5171627009444,
505,1,0,boundary_collision,,,687.0000000000003,560.9135405746594,
506,1,0,boundary_collision,,,813.0000000000001,562.2561693747789,
507,1,0,boundary_collision,,,62.99999999999995,665.6613252998856,
508,1,0,boundary_collision,,,354.00000000000057,675.1629432959128,
509,1,0,obstacle_collision,,,537.0000000000007,706.8408590340545,
510,1,0,boundary_collision,,,162.00000000000026,626.9050964859035,
511,1,0,obstacle_collision,,,261.0000000000002,606.9802303205599,
512,1,0,boundary_collision,,,774.0000000000002,647.5685291920848,
513,1,0,boundary_collision,,,1122.0,634.1490361105975,
514,1,0,obstacle_collision,,,53.99999999999999,670.9038679274402,
515,1,0,boundary_collision,,,129.0,558.0035842178794,
516,1,0,boundary_collision,,,176.99999999999991,635.645341365765,
517,1,0,obstacle_collision,,,240.00000000000009,660.4074499882629,
518,1,0,obstacle_collision,,,116.99999999999994,679.9919117166027,
519,1,0,obstacle_collision,,,419.9999999999998,616.7738645565325,
520,1,0,obstacle_collision,,,167.9999999999997,661.6358515074587,
521,1,0,obstacle_collision,,,311.99999999999994,559.1511423577707,
522,1,0,obstacle_collision,,,809.9999999999997,673.3446368688177,
523,1,0,obstacle_collision,,,128.99999999999991,693.461606723833,
524,1,0,boundary_collision,,,152.9999999999999,578.6069477633326,
525,1,0,obstacle_collision,,,108.00000000000023,699.331108989154,
526,0,1,success,,,719.9999999999995,735.0455768181997,0.9795310967201134
527,1,0,obstacle_collision,,,288.0000000000002,612.1601097752123,
528,1,0,boundary_collision,,,129.00000000000009,590.0389817630696,
529,1,0,obstacle_collision,,,75.00000000000001,607.3483349775481,
530,1,0,boundary_collision,,,66.00000000000009,648.1242164894011,
531,1,0,obstacle_collision,,,110.99999999999989,542.7227653231436,
532,1,0,obstacle_collision,,,149.99999999999997,547.1544571690886,
533,1,0,obstacle_collision,,,273.00000000000006,663.322696732141,
534,1,0,boundary_collision,,,279.0000000000002,571.8295200494637,
535,0,1,success,,,915.0000000000001,688.447528864764,1.329077324903492
536,0,1,success,,,843.0000000000001,648.4820737691983,1.2999588332491558
537,1,0,obstacle_collision,,,326.99999999999983,554.5385469018362,
538,1,0,obstacle_collision,,,155.99999999999957,649.5367580052725,
539,1,0,obstacle_collision,,,168.0000000000002,707.1951640106146,
540,1,0,obstacle_collision,,,426.0000000000003,703.1600102394902,
541,1,0,obstacle_collision,,,287.99999999999983,587.3065638999789,
542,0,1,success,,,570.0000000000002,513.0155943048906,1.1110773362987545
543,1,0,boundary_collision,,,36.0,668.0366756398932,
544,1,0,obstacle_collision,,,522.000000000001,672.6165326543795,
545,1,0,obstacle_collision,,,81.00000000000011,564.6813260592207,
546,1,0,obstacle_collision,,,1068.0000000000002,643.5751704346587,
547,1,0,obstacle_collision,,,138.0,620.6005156298212,
548,1,0,obstacle_collision,,,471.0000000000001,583.2752352020442,
549,1,0,boundary_collision,,,57.0,662.1246106285432,
550,1,0,boundary_collision,,,90.00000000000009,645.5702905183912,
551,1,0,obstacle_collision,,,252.0000000000003,583.8236034968096,
552,1,0,boundary_collision,,,113.99999999999996,660.8214584893562,
553,1,0,obstacle_collision,,,287.9999999999999,765.9432093830455,
554,1,0,obstacle_collision,,,425.9999999999997,517.2620225765661,
555,1,0,obstacle_collision,,,594.0000000000002,659.8977193474758,
556,1,0,boundary_collision,,,140.99999999999997,645.0503856289057,
557,0,1,success,,,519.0000000000002,518.3222935587471,1.0013075000818508
558,1,0,boundary_collision,,,117.00000000000016,599.8941573311079,
559,0,1,success,,,920.9999999999997,681.240779754119,1.3519449031404391
560,1,0,boundary_collision,,,68.99999999999997,656.5584513202157,
561,1,0,boundary_collision,,,236.99999999999986,588.7783963428006,
562,1,0,obstacle_collision,,,375.0000000000002,596.000838925584,
563,1,0,boundary_collision,,,255.0000000000006,524.3090691567331,
564,1,0,obstacle_collision,,,182.99999999999963,650.4867408333547,
565,1,0,obstacle_collision,,,804.0000000000002,680.2470139589001,
566,1,0,obstacle_collision,,,350.99999999999983,703.5524145364011,
567,1,0,boundary_collision,,,258.0000000000003,599.2211611750706,
568,1,0,boundary_collision,,,170.99999999999994,541.8311545121783,
569,1,0,obstacle_collision,,,360.00000000000034,584.5220269587794,
570,1,0,boundary_collision,,,44.99999999999999,621.1803280851705,
571,1,0,boundary_collision,,,68.99999999999989,645.4099472428358,
572,1,0,obstacle_collision,,,188.99999999999963,554.9026941725909,
573,1,0,obstacle_collision,,,389.99999999999983,649.5321393125978,
574,1,0,obstacle_collision,,,245.9999999999998,753.1699675372087,
575,1,0,boundary_collision,,,101.99999999999982,816.9045231849313,
576,1,0,boundary_collision,,,60.000000000000014,712.6829589656259,
577,1,0,boundary_collision,,,245.99999999999994,626.5221464561329,
578,1,0,obstacle_collision,,,666.0000000000002,646.5175945014954,
579,1,0,obstacle_collision,,,95.9999999999998,542.2665396278845,
580,1,0,obstacle_collision,,,441.00000000000006,651.1973587170022,
581,1,0,obstacle_collision,,,615.0000000000006,506.06323715519983,
582,1,0,boundary_collision,,,57.00000000000001,673.5436140295593,
583,1,0,boundary_collision,,,225.00000000000009,602.9071238590567,
584,1,0,obstacle_collision,,,92.99999999999982,603.6041749358598,
585,1,0,obstacle_collision,,,207.0000000000001,542.0673389902771,
586,0,1,success,,,654.0000000000003,671.3516217303717,0.9741541970426042
587,1,0,obstacle_collision,,,86.99999999999994,653.6497533082988,
588,1,0,obstacle_collision,,,783.0000000000001,695.77654458885,
589,1,0,obstacle_collision,,,275.99999999999994,600.2407850188123,
590,1,0,boundary_collision,,,47.999999999999915,608.6213929858201,
591,1,0,obstacle_collision,,,174.00000000000003,573.131747506627,
592,1,0,boundary_collision,,,126.00000000000003,624.0937429585398,
593,1,0,boundary_collision,,,65.99999999999997,703.418083361524,
594,1,0,boundary_collision,,,116.99999999999989,607.595260021011,
595,1,0,obstacle_collision,,,387.0,617.5370434233075,
596,1,0,obstacle_collision,,,269.99999999999983,599.3104370858229,
597,1,0,obstacle_collision,,,435.00000000000006,696.231283410908,
598,1,0,boundary_collision,,,125.99999999999977,708.2125387198394,
599,1,0,boundary_collision,,,101.99999999999986,600.7611838326441,
600,1,0,boundary_collision,,,215.99999999999952,641.4312122121904,
601,1,0,boundary_collision,,,87.0,617.0413276272506,
602,1,0,obstacle_collision,,,542.9999999999995,666.2649623085398,
603,1,0,obstacle_collision,,,489.00000000000006,642.919123996168,
604,1,0,boundary_collision,,,84.00000000000017,670.8800190794178,
605,1,0,boundary_collision,,,110.99999999999999,589.9805081525999,
606,1,0,obstacle_collision,,,78.00000000000004,630.9690959151644,
607,0,1,success,,,752.9999999999991,692.3496226618456,1.0876007949639284
608,1,0,obstacle_collision,,,201.00000000000045,663.2473143556632,
609,0,1,success,,,530.9999999999997,552.2934002864781,0.9614454920601379
610,1,0,obstacle_collision,,,897.0,747.7432714508369,
611,0,1,success,,,749.9999999999994,532.6584271369411,1.4080317925903798
612,1,0,boundary_collision,,,66.00000000000007,686.0029154456998,
613,1,0,boundary_collision,,,123.00000000000001,594.4695114133273,
614,0,1,success,,,602.9999999999998,581.0550748423078,1.0377673754310597
615,1,0,boundary_collision,,,158.99999999999997,663.3882724317638,
616,1,0,obstacle_collision,,,198.00000000000006,581.257258019201,
617,0,1,success,,,602.9999999999991,605.647587298092,0.9956285018654093
618,1,0,obstacle_collision,,,83.99999999999996,545.9413887955373,
619,1,0,obstacle_collision,,,135.00000000000006,624.2699736492217,
620,1,0,boundary_collision,,,158.99999999999966,589.0415944566224,
621,1,0,obstacle_collision,,,431.9999999999997,683.3520322644837,
622,1,0,boundary_collision,,,155.99999999999997,631.5773903489579,
623,1,0,boundary_collision,,,41.99999999999999,705.2836308890204,
624,1,0,boundary_collision,,,38.999999999999986,653.8654295801239,
625,1,0,obstacle_collision,,,269.9999999999996,644.9061947291249,
626,1,0,boundary_collision,,,62.999999999999986,685.3962357643934,
627,1,0,obstacle_collision,,,140.9999999999999,601.878725325958,
628,1,0,obstacle_collision,,,230.99999999999983,666.1080993352356,
629,1,0,obstacle_collision,,,207.0,699.4883844639595,
630,1,0,obstacle_collision,,,690.0000000000005,639.4779120501348,
631,0,1,success,,,614.9999999999997,619.9564500833909,0.9920051641002774
632,1,0,obstacle_collision,,,227.9999999999998,600.096658880884,
633,1,0,boundary_collision,,,56.99999999999996,764.3906069543241,
634,1,0,obstacle_collision,,,155.9999999999998,593.0278239678134,
635,0,1,success,,,726.0,602.7968148555532,1.204385925917624
636,1,0,boundary_collision,,,243.00000000000003,612.5136733167677,
637,1,0,obstacle_collision,,,815.9999999999997,621.2833492054974,
638,1,0,obstacle_collision,,,275.99999999999994,634.0236588645569,
639,0,1,success,,,915.0000000000002,694.8215598266939,1.316884870740373
640,1,0,obstacle_collision,,,200.99999999999994,688.1002833889839,
641,1,0,boundary_collision,,,833.9999999999999,716.1515202804502,
642,1,0,obstacle_collision,,,696.0000000000005,603.1624988342694,
643,1,0,obstacle_collision,,,467.99999999999955,565.0991063521512,
644,1,0,obstacle_collision,,,327.0000000000004,583.6308764964376,
645,1,0,boundary_collision,,,285.0,640.1327987222651,
646,1,0,obstacle_collision,,,195.00000000000009,689.3221307922734,
647,1,0,obstacle_collision,,,309.0000000000004,599.1402173114403,
648,1,0,boundary_collision,,,48.0,618.5668920981789,
649,0,1,success,,,840.0000000000005,534.4950888455384,1.5715766478122848
650,1,0,obstacle_collision,,,402.0,600.0041666521992,
651,1,0,obstacle_collision,,,497.9999999999999,758.6013445809334,
652,1,0,obstacle_collision,,,228.0000000000006,592.0135133592813,
653,0,1,success,,,636.0000000000005,615.8473836917715,1.03272339355803
654,1,0,boundary_collision,,,137.99999999999997,639.4943314838686,
655,1,0,obstacle_collision,,,411.00000000000006,690.229671920876,
656,1,0,obstacle_collision,,,605.9999999999994,571.0639193645488,
657,1,0,boundary_collision,,,123.00000000000007,591.2596722253261,
658,1,0,obstacle_collision,,,173.99999999999994,627.0964838045259,
659,1,0,boundary_collision,,,222.00000000000006,667.8922068717377,
660,1,0,obstacle_collision,,,230.9999999999999,608.2318636835791,
661,1,0,obstacle_collision,,,344.9999999999999,567.7860512552242,
662,1,0,boundary_collision,,,84.0000000000001,641.7328104437236,
663,1,0,obstacle_collision,,,116.99999999999989,757.1294473206018,
664,1,0,obstacle_collision,,,125.99999999999997,691.1671288480088,
665,1,0,obstacle_collision,,,182.99999999999977,616.3018740844458,
666,1,0,boundary_collision,,,282.0,598.5866687456379,
667,0,1,success,,,560.9999999999997,565.6323894544937,0.9918102471837555
668,1,0,boundary_collision,,,107.99999999999976,670.0873077442968,
669,1,0,obstacle_collision,,,230.99999999999997,685.7667241854186,
670,1,0,obstacle_collision,,,578.9999999999999,656.942158793299,
671,1,0,obstacle_collision,,,159.00000000000017,584.6383497513655,
672,1,0,obstacle_collision,,,155.99999999999994,647.6025015393316,
673,1,0,obstacle_collision,,,173.99999999999997,582.3100548676796,
674,1,0,obstacle_collision,,,186.0,620.378110510034,
675,1,0,obstacle_collision,,,503.9999999999998,635.8569021407254,
676,0,1,success,,,735.0000000000001,606.585525709277,1.2117005250670443
677,1,0,boundary_collision,,,48.00000000000008,556.0791310596002,
678,1,0,obstacle_collision,,,597.0000000000003,735.2720584926371,
679,1,0,boundary_collision,,,107.99999999999984,629.3647591023825,
680,1,0,obstacle_collision,,,165.00000000000003,649.1132412761274,
681,1,0,obstacle_collision,,,576.0000000000007,640.1757571167468,
682,0,1,success,,,753.0000000000001,641.0818980442358,1.1745769180149925
683,1,0,obstacle_collision,,,522.0000000000002,642.72000124471,
684,1,0,boundary_collision,,,809.9999999999998,673.8664556126829,
685,1,0,boundary_collision,,,248.99999999999994,646.6103927404818,
686,1,0,boundary_collision,,,81.00000000000009,584.0856101634417,
687,1,0,obstacle_collision,,,225.00000000000006,619.468320416791,
688,1,0,obstacle_collision,,,75.00000000000006,622.0490334370756,
689,1,0,obstacle_collision,,,350.9999999999996,619.1817180763657,
690,1,0,boundary_collision,,,54.000000000000014,666.730080317365,
691,1,0,obstacle_collision,,,344.99999999999966,515.0582491330471,
692,1,0,obstacle_collision,,,80.9999999999999,659.7347952018296,
693,1,0,obstacle_collision,,,74.99999999999987,617.122354156775,
694,1,0,boundary_collision,,,62.999999999999964,617.42853837509,
695,1,0,obstacle_collision,,,237.0000000000001,626.9202501116071,
696,1,0,obstacle_collision,,,303.00000000000045,677.4142012092749,
697,1,0,obstacle_collision,,,299.99999999999983,641.7702080963247,
698,1,0,boundary_collision,,,668.9999999999994,585.0008547002303,
699,1,0,obstacle_collision,,,422.99999999999994,576.3896251668657,
700,1,0,boundary_collision,,,182.9999999999999,741.1241461455699,
701,1,0,obstacle_collision,,,419.99999999999994,581.3441321626976,
702,1,0,boundary_collision,,,114.00000000000009,634.2751768751477,
703,1,0,boundary_collision,,,176.99999999999997,571.349280213076,
704,1,0,boundary_collision,,,90.00000000000004,590.1660783203318,
705,1,0,obstacle_collision,,,210.00000000000009,554.0144402450175,
706,1,0,obstacle_collision,,,297.0000000000003,545.9413887955373,
707,1,0,boundary_collision,,,123.00000000000003,699.5262682701773,
708,1,0,obstacle_collision,,,731.9999999999997,598.7253126434525,
709,1,0,obstacle_collision,,,672.0000000000007,651.058369119083,
710,1,0,obstacle_collision,,,207.0,710.6757347764169,
711,0,1,success,,,641.9999999999998,567.3023885019346,1.1316715970389581
712,1,0,obstacle_collision,,,75.0000000000002,645.2573130155132,
713,0,1,success,,,702.0000000000005,599.1302028774713,1.1716985667363644
714,1,0,obstacle_collision,,,89.9999999999999,573.4614198008442,
715,1,0,obstacle_collision,,,396.0000000000003,708.5682747625666,
716,1,0,obstacle_collision,,,242.9999999999999,669.3466964137494,
717,1,0,obstacle_collision,,,150.0000000000001,642.7480066091221,
718,1,0,obstacle_collision,,,219.0,606.7108042552069,
719,1,0,boundary_collision,,,351.00000000000017,628.6660480732198,
720,1,0,boundary_collision,,,117.00000000000009,564.6388226114105,
721,1,0,obstacle_collision,,,743.9999999999998,623.1572835167699,
722,1,0,boundary_collision,,,36.00000000000001,551.1270270999237,
723,1,0,obstacle_collision,,,353.9999999999999,572.0707998141489,
724,1,0,obstacle_collision,,,623.9999999999999,598.0133777767852,
725,1,0,boundary_collision,,,171.00000000000006,547.0831746635972,
726,1,0,obstacle_collision,,,378.00000000000017,653.490627323759,
727,0,1,success,,,791.9999999999998,778.9736837660179,1.0167224086069313
728,1,0,boundary_collision,,,165.00000000000045,656.6559220779175,
729,0,1,success,,,594.0000000000002,583.2272284453119,1.0184709681394761
730,0,1,success,,,747.0000000000006,600.0033333240741,1.2449930833909726
731,1,0,obstacle_collision,,,200.99999999999986,656.1493732375274,
732,1,0,boundary_collision,,,111.00000000000023,717.721394414295,
733,1,0,boundary_collision,,,111.00000000000011,660.6398413659291,
734,1,0,obstacle_collision,,,228.00000000000023,690.3861238466486,
735,1,0,obstacle_collision,,,284.9999999999999,647.6858806551213,
736,1,0,obstacle_collision,,,1301.9999999999998,659.4126174103737,
737,1,0,boundary_collision,,,74.99999999999991,649.7022394912918,
738,1,0,obstacle_collision,,,249.00000000000028,621.9742759953983,
739,1,0,obstacle_collision,,,81.0,709.5611319682047,
740,0,1,success,,,726.0000000000002,618.6315543196936,1.1735579844425803
741,1,0,obstacle_collision,,,554.9999999999999,664.9180400620817,
742,1,0,obstacle_collision,,,212.99999999999991,715.0174823037546,
743,1,0,obstacle_collision,,,360.0000000000009,623.2054235964254,
744,1,0,obstacle_collision,,,80.99999999999999,617.8940038550302,
745,1,0,obstacle_collision,,,213.0000000000001,585.0615352251419,
746,0,1,success,,,798.0000000000006,638.1794418500176,1.2504320065320176
747,1,0,boundary_collision,,,158.9999999999999,658.8846636551802,
748,1,0,obstacle_collision,,,428.9999999999999,630.6203295168972,
749,1,0,obstacle_collision,,,122.99999999999983,534.1198367407824,
750,1,0,boundary_collision,,,699.0000000000011,580.706466297733,
751,1,0,boundary_collision,,,216.00000000000006,597.6219540813406,
752,1,0,obstacle_collision,,,165.0,577.0,
753,1,0,boundary_collision,,,212.99999999999994,634.2554690343632,
754,1,0,obstacle_collision,,,108.00000000000006,607.4504094985862,
755,1,0,obstacle_collision,,,495.00000000000074,597.2001339584579,
756,1,0,boundary_collision,,,107.9999999999998,605.2387958483824,
757,1,0,boundary_collision,,,189.00000000000034,541.0822488309888,
758,1,0,obstacle_collision,,,186.0,552.5233026760047,
759,1,0,obstacle_collision,,,353.9999999999997,571.1479668177066,
760,1,0,obstacle_collision,,,137.99999999999983,548.7804661246608,
761,0,1,success,,,623.9999999999999,531.2861752389197,1.1745082576624297
762,1,0,obstacle_collision,,,105.00000000000006,679.5476436571611,
763,1,0,boundary_collision,,,105.00000000000003,736.1365362485413,
764,1,0,obstacle_collision,,,63.00000000000016,626.7702928505786,
765,1,0,boundary_collision,,,999.0000000000003,697.6374416557643,
766,1,0,obstacle_collision,,,297.0,675.0740700100989,
767,1,0,boundary_collision,,,120.0,557.0008976653448,
768,1,0,obstacle_collision,,,155.99999999999983,677.1240654414817,
769,0,1,success,,,711.0000000000003,539.8907296851836,1.3169331512963605
770,1,0,obstacle_collision,,,98.99999999999989,614.7405956987061,
771,1,0,boundary_collision,,,131.99999999999997,560.3936116695122,
772,1,0,obstacle_collision,,,222.00000000000023,646.8662922119223,
773,1,0,boundary_collision,,,134.9999999999997,718.9770510941222,
774,1,0,boundary_collision,,,147.0000000000001,696.8299649125316,
775,1,0,obstacle_collision,,,381.0000000000001,568.6914805059066,
776,1,0,obstacle_collision,,,390.0,590.4040989017607,
777,1,0,obstacle_collision,,,267.0,621.9686487275706,
778,1,0,boundary_collision,,,771.0000000000006,627.5133464716109,
779,1,0,obstacle_collision,,,392.99999999999994,621.6309194369276,
780,1,0,boundary_collision,,,836.9999999999997,687.8982482896726,
781,1,0,obstacle_collision,,,111.00000000000004,560.8029957123981,
782,1,0,boundary_collision,,,273.0000000000001,642.9136800535512,
783,1,0,obstacle_collision,,,723.0000000000003,687.4074483157715,
784,1,0,obstacle_collision,,,234.00000000000003,742.6634500229562,
785,1,0,boundary_collision,,,54.00000000000002,731.9631138247337,
786,1,0,obstacle_collision,,,284.9999999999997,631.0031695641472,
787,1,0,obstacle_collision,,,639.0000000000001,702.2848424962623,
788,1,0,obstacle_collision,,,105.00000000000001,617.5929079903686,
789,1,0,obstacle_collision,,,663.0000000000001,642.1121397388465,
790,1,0,obstacle_collision,,,230.99999999999994,693.0259735392318,
791,0,1,success,,,887.9999999999994,579.6291918114546,1.5320139367460528
792,1,0,obstacle_collision,,,138.0000000000001,702.2257471782134,
793,1,0,obstacle_collision,,,693.0000000000001,704.5686623743636,
794,1,0,boundary_collision,,,257.99999999999994,639.3449773009874,
795,0,1,success,,,608.9999999999997,607.5146088778442,1.0024450294699894
796,1,0,obstacle_collision,,,78.00000000000001,633.0695064524906,
797,1,0,obstacle_collision,,,852.0,591.4871089043277,
798,1,0,obstacle_collision,,,425.99999999999994,631.8765702255465,
799,1,0,obstacle_collision,,,74.99999999999987,573.1683871254589,
800,1,0,boundary_collision,,,101.99999999999994,611.5529412896319,
801,1,0,boundary_collision,,,173.99999999999986,547.7161673713858,
802,1,0,boundary_collision,,,105.0,598.1011620119125,
803,1,0,boundary_collision,,,56.99999999999999,699.860700425449,
804,1,0,boundary_collision,,,63.00000000000014,653.2786541744648,
805,1,0,obstacle_collision,,,470.99999999999983,592.9932545990722,
806,1,0,obstacle_collision,,,663.0000000000003,638.4645644043215,
807,1,0,obstacle_collision,,,155.9999999999998,712.5292976432618,
808,1,0,obstacle_collision,,,117.00000000000016,528.9234349128426,
809,1,0,boundary_collision,,,90.00000000000024,633.6189706755946,
810,1,0,boundary_collision,,,53.99999999999999,625.2047664565586,
811,1,0,boundary_collision,,,92.99999999999999,623.6481379752529,
812,1,0,boundary_collision,,,132.00000000000003,567.9691893051946,
813,1,0,boundary_collision,,,62.99999999999993,682.7481233954437,
814,1,0,obstacle_collision,,,500.99999999999955,555.020720333935,
815,1,0,obstacle_collision,,,348.0000000000001,679.4505132826084,
816,1,0,obstacle_collision,,,450.00000000000017,628.0613027404252,
817,1,0,obstacle_collision,,,116.9999999999999,621.8842335997915,
818,0,1,success,,,828.0000000000002,617.8163157444128,1.3402041657030943
819,1,0,obstacle_collision,,,96.00000000000001,573.0061081698868,
820,1,0,boundary_collision,,,110.99999999999999,682.6023732745148,
821,0,1,success,,,713.9999999999999,643.6839286482148,1.1092400605673878
822,1,0,obstacle_collision,,,458.9999999999999,629.7697992123789,
823,0,1,success,,,654.0000000000002,618.2920022125468,1.0577526438311882
824,1,0,boundary_collision,,,285.00000000000017,560.003571417183,
825,1,0,obstacle_collision,,,579.0,638.2256654193719,
826,1,0,obstacle_collision,,,243.00000000000009,603.7458074388592,
827,0,1,success,,,702.0,660.467258840285,1.0628838759284485
828,1,0,obstacle_collision,,,441.00000000000034,714.9580407268667,
829,1,0,obstacle_collision,,,276.0,617.194458821529,
830,1,0,obstacle_collision,,,141.00000000000003,527.5613708375548,
831,1,0,obstacle_collision,,,368.99999999999983,587.0741009446763,
832,1,0,obstacle_collision,,,413.99999999999994,610.0204914590985,
833,1,0,obstacle_collision,,,245.99999999999977,735.3291779876547,
834,1,0,obstacle_collision,,,320.99999999999994,620.4143776541611,
835,1,0,obstacle_collision,,,546.0000000000007,635.2841883755647,
836,1,0,obstacle_collision,,,284.9999999999999,658.1823455547863,
837,1,0,obstacle_collision,,,114.00000000000003,614.0561863543107,
838,1,0,boundary_collision,,,72.00000000000034,722.772439983706,
839,1,0,obstacle_collision,,,135.00000000000003,663.3287269521802,
840,1,0,boundary_collision,,,185.99999999999991,645.155020130821,
841,1,0,obstacle_collision,,,104.99999999999999,623.0971031869752,
842,1,0,boundary_collision,,,140.99999999999997,557.288076312422,
843,1,0,boundary_collision,,,171.00000000000028,604.1191935371694,
844,1,0,obstacle_collision,,,437.99999999999994,748.872485807831,
845,1,0,obstacle_collision,,,279.00000000000006,672.1971437011615,
846,0,1,success,,,602.9999999999997,571.1716029355802,1.0557247539983343
847,1,0,obstacle_collision,,,221.99999999999986,662.8815882191932,
848,1,0,obstacle_collision,,,329.9999999999999,671.0007451560691,
849,1,0,obstacle_collision,,,147.00000000000003,627.3794704961265,
850,1,0,boundary_collision,,,80.99999999999997,635.8144383387341,
851,1,0,boundary_collision,,,45.000000000000036,681.6193952639552,
852,1,0,obstacle_collision,,,654.0000000000002,635.314095546447,
853,1,0,boundary_collision,,,111.00000000000017,639.9320276404362,
854,1,0,boundary_collision,,,185.99999999999946,668.2469603372693,
855,0,1,success,,,609.0000000000001,602.276514567852,1.0111634527821036
856,1,0,obstacle_collision,,,222.0,619.293952820468,
857,0,1,success,,,603.0,613.3881316099945,0.9830643420133869
858,1,0,obstacle_collision,,,557.9999999999993,714.977622027431,
859,1,0,boundary_collision,,,230.9999999999998,565.9416931098115,
860,1,0,obstacle_collision,,,564.0000000000007,710.7467903550462,
861,1,0,obstacle_collision,,,711.0000000000001,640.3124237432849,
862,1,0,obstacle_collision,,,207.0,609.8130861173775,
863,1,0,boundary_collision,,,135.00000000000009,570.1973342624464,
864,1,0,boundary_collision,,,96.00000000000003,619.1041915542165,
865,1,0,obstacle_collision,,,593.9999999999999,655.8109483685066,
866,1,0,boundary_collision,,,62.99999999999993,605.7136287058431,
867,1,0,obstacle_collision,,,212.99999999999997,592.669385070631,
868,1,0,obstacle_collision,,,249.0000000000001,665.0451112518608,
869,1,0,obstacle_collision,,,345.00000000000034,562.2463872716303,
870,1,0,obstacle_collision,,,444.0,673.0898899849856,
871,1,0,obstacle_collision,,,237.00000000000009,671.1929677819934,
872,1,0,boundary_collision,,,783.0000000000002,596.6950645011235,
873,1,0,boundary_collision,,,81.00000000000006,648.3532987499948,
874,1,0,obstacle_collision,,,231.00000000000034,661.9365528508,
875,1,0,boundary_collision,,,236.9999999999999,609.3808333054134,
876,0,1,success,,,629.9999999999993,608.6082483831451,1.0351486390033071
877,1,0,boundary_collision,,,80.99999999999983,596.2013082843747,
878,1,0,obstacle_collision,,,629.9999999999998,600.7270594870852,
879,1,0,obstacle_collision,,,176.99999999999966,585.8207917102294,
880,1,0,obstacle_collision,,,185.99999999999994,599.9641655965796,
881,1,0,obstacle_collision,,,594.0000000000002,752.0864312032228,
882,1,0,obstacle_collision,,,374.9999999999999,670.3827265077763,
883,1,0,boundary_collision,,,62.99999999999983,737.6028741809511,
884,1,0,boundary_collision,,,78.00000000000003,668.1466904804663,
885,1,0,boundary_collision,,,114.0000000000003,654.3615208735918,
886,1,0,obstacle_collision,,,536.9999999999999,716.3497749005021,
887,1,0,obstacle_collision,,,479.99999999999994,663.4606243026032,
888,1,0,boundary_collision,,,62.999999999999886,572.5251086197006,
889,1,0,obstacle_collision,,,261.0000000000001,690.6518659932802,
890,1,0,obstacle_collision,,,569.9999999999998,576.3922275673051,
891,1,0,obstacle_collision,,,417.00000000000057,580.9044671888829,
892,1,0,obstacle_collision,,,267.0,615.4965475126567,
893,1,0,obstacle_collision,,,837.0,755.0052979946564,
894,1,0,boundary_collision,,,105.00000000000011,632.0261070557133,
895,1,0,obstacle_collision,,,234.00000000000026,608.6747900151607,
896,1,0,obstacle_collision,,,357.0,673.9176507556394,
897,1,0,obstacle_collision,,,627.0000000000006,689.6934101468565,
898,1,0,obstacle_collision,,,138.00000000000014,618.757626215629,
899,0,1,success,,,726.0,594.5435223766214,1.221104885808689
900,0,1,success,,,639.0,607.0790722797154,1.052581169699055
901,1,0,obstacle_collision,,,342.00000000000006,552.8878729001026,
902,1,0,obstacle_collision,,,648.0000000000005,542.4767276114248,
903,1,0,obstacle_collision,,,633.0000000000002,595.4712419588371,
904,1,0,boundary_collision,,,158.9999999999999,599.1761009920206,
905,1,0,boundary_collision,,,125.99999999999993,736.6478127300725,
906,1,0,obstacle_collision,,,621.0000000000002,726.7771322764634,
907,1,0,obstacle_collision,,,138.00000000000003,611.7556701821406,
908,0,1,success,,,879.0,654.9656479541503,1.342055118074731
909,1,0,obstacle_collision,,,186.0,607.0823667345313,
910,1,0,boundary_collision,,,783.0,650.189203232413,
911,1,0,obstacle_collision,,,419.9999999999999,646.0773947446235,
912,1,0,boundary_collision,,,44.999999999999986,757.0706704132713,
913,1,0,obstacle_collision,,,132.00000000000009,553.0144663568938,
914,1,0,boundary_collision,,,765.0000000000003,654.0030580968257,
915,0,1,success,,,528.0000000000008,541.9344978869678,0.974287486880244
916,1,0,obstacle_collision,,,324.00000000000006,617.8672996687881,
917,1,0,obstacle_collision,,,447.0,626.2044394604688,
918,1,0,obstacle_collision,,,372.0,562.6944108483751,
919,1,0,obstacle_collision,,,381.00000000000017,639.3621821784582,
920,1,0,obstacle_collision,,,320.99999999999994,541.4471350002694,
921,1,0,boundary_collision,,,119.99999999999991,581.1548846908197,
922,1,0,obstacle_collision,,,252.00000000000003,666.8050689669358,
923,1,0,obstacle_collision,,,300.0000000000002,621.3855485928201,
924,1,0,obstacle_collision,,,90.00000000000023,576.5145271370011,
925,1,0,obstacle_collision,,,542.9999999999999,698.4969577600177,
926,1,0,boundary_collision,,,173.9999999999999,628.0127387243033,
927,0,1,success,,,600.0000000000002,529.4119379084684,1.1333329625516226
928,1,0,boundary_collision,,,137.9999999999998,647.6542287362911,
929,1,0,boundary_collision,,,858.0000000000002,618.2758284131768,
930,1,0,obstacle_collision,,,168.00000000000006,573.2730588471779,
931,0,1,success,,,687.0,624.8663857177788,1.099435040358026
932,1,0,obstacle_collision,,,440.9999999999998,628.5196894290584,
933,1,0,obstacle_collision,,,309.0000000000001,554.8378141403125,
934,1,0,boundary_collision,,,117.00000000000003,605.1528732477439,
935,1,0,boundary_collision,,,458.9999999999998,644.9007675604054,
936,1,0,boundary_collision,,,80.99999999999994,655.8566916636591,
937,1,0,boundary_collision,,,90.00000000000009,626.9968101992226,
938,0,1,success,,,795.0000000000001,671.2749064280595,1.1843135984783013
939,1,0,obstacle_collision,,,347.99999999999994,649.9423051317709,
940,1,0,boundary_collision,,,129.00000000000003,677.661419884591,
941,1,0,boundary_collision,,,212.99999999999994,682.01832819947,
942,0,1,success,,,747.0000000000001,609.4727229335206,1.2256496015187224
943,1,0,boundary_collision,,,75.0,682.6631673087395,
944,0,1,success,,,720.0000000000001,633.6718393616684,1.1362348068446513
945,0,1,success,,,711.0000000000001,633.6189706755946,1.1221254932469875
946,1,0,obstacle_collision,,,194.99999999999994,602.8548747418404,
947,1,0,boundary_collision,,,105.00000000000028,536.1128612521808,
948,1,0,boundary_collision,,,150.0,654.1452438105775,
949,1,0,obstacle_collision,,,377.9999999999996,658.3889427990115,
950,0,1,success,,,816.0,647.5036679432789,1.2602245213404435
951,1,0,obstacle_collision,,,101.99999999999993,556.5788353863269,
952,1,0,obstacle_collision,,,72.00000000000004,648.0771559004376,
953,1,0,boundary_collision,,,102.0,646.2507253380843,
954,1,0,boundary_collision,,,230.99999999999997,583.0514557052405,
955,1,0,obstacle_collision,,,98.99999999999996,672.24177198386,
956,1,0,obstacle_collision,,,407.9999999999999,600.1283196117311,
957,1,0,boundary_collision,,,42.00000000000001,740.2161846379745,
958,0,1,success,,,689.9999999999999,614.5600052069773,1.1227544815052115
959,1,0,obstacle_collision,,,60.00000000000004,604.2731170588346,
960,1,0,boundary_collision,,,108.00000000000009,577.1949410727714,
961,0,1,success,,,644.9999999999997,620.7898195041539,1.0389989973018297
962,0,1,success,,,677.9999999999997,628.60878135769,1.0785722696008684
963,0,1,success,,,705.0,639.1908948037354,1.102956887733001
964,0,1,success,,,701.9999999999998,697.7635702729112,1.0060714401089061
965,1,0,boundary_collision,,,173.99999999999974,630.2015550599665,
966,1,0,obstacle_collision,,,648.0000000000001,664.669090600729,
967,1,0,boundary_collision,,,80.99999999999999,609.0131361473249,
968,1,0,obstacle_collision,,,185.99999999999986,691.4014752659991,
969,1,0,obstacle_collision,,,75.0000000000001,553.6153899594916,
970,1,0,obstacle_collision,,,432.00000000000006,738.1307472257201,
971,1,0,boundary_collision,,,92.99999999999996,608.2795410006817,
972,1,0,obstacle_collision,,,240.00000000000014,649.1109304271497,
973,0,1,success,,,729.0000000000001,648.1242164894011,1.1247843877037444
974,0,1,success,,,743.9999999999994,605.2875349782119,1.2291678863447613
975,0,1,success,,,767.9999999999999,615.2414160311381,1.2482904758822844
976,0,1,success,,,741.0000000000002,739.2787025202335,1.0023283471766449
977,1,0,obstacle_collision,,,228.00000000000003,586.5765082237781,
978,1,0,obstacle_collision,,,59.999999999999936,609.0205251056815,
979,1,0,boundary_collision,,,90.00000000000003,670.7585258496533,
980,1,0,obstacle_collision,,,138.0,625.8793813507519,
981,1,0,boundary_collision,,,93.00000000000001,707.7640849887765,
982,1,0,boundary_collision,,,81.00000000000004,676.8456249396903,
983,1,0,boundary_collision,,,135.00000000000003,601.295268566118,
984,1,0,obstacle_collision,,,152.99999999999997,688.7067590782016,
985,1,0,obstacle_collision,,,741.0,598.3519031473035,
986,1,0,obstacle_collision,,,246.0,611.2348157623222,
987,0,1,success,,,623.9999999999998,631.31687764545,0.988410134586075
988,1,0,obstacle_collision,,,531.0000000000002,551.2612810637075,
989,1,0,boundary_collision,,,102.0,622.6756780218736,
990,1,0,obstacle_collision,,,222.00000000000017,614.4477195010166,
991,1,0,boundary_collision,,,114.00000000000006,687.884437969053,
992,1,0,boundary_collision,,,117.00000000000006,676.6631362797888,
993,1,0,boundary_collision,,,123.00000000000006,579.5213542226032,
994,0,1,success,,,639.0000000000005,604.3310351123795,1.057367507000818
995,1,0,boundary_collision,,,78.0,638.5992483553359,
996,1,0,boundary_collision,,,194.9999999999988,562.4251061252511,
997,0,1,success,,,534.0000000000002,556.6345300104908,0.959336820139304
998,0,1,success,,,539.9999999999999,529.0151226571883,1.0207647699892504
999,1,0,obstacle_collision,,,306.0000000000001,598.03093565467,
1000,0,1,success,,,639.0,617.0129658281096,1.035634638799496
1001,1,0,obstacle_collision,,,335.99999999999994,677.0908358558695,
1002,1,0,boundary_collision,,,87.00000000000021,667.8023659736464,
1003,0,1,success,,,735.0000000000014,555.4286632862946,1.3233022502858247
1004,1,0,obstacle_collision,,,332.99999999999994,530.7928032669622,
1005,1,0,obstacle_collision,,,309.0000000000001,744.0873604624661,
1006,0,1,success,,,861.0000000000001,598.6551595033656,1.4382236356473925
1007,0,1,success,,,1044.0000000000002,737.2794585501484,1.4160166649061594
1008,1,0,boundary_collision,,,129.00000000000003,650.6027974117542,
1009,1,0,obstacle_collision,,,204.00000000000009,608.0402947173814,
1010,1,0,obstacle_collision,,,786.0000000000001,722.6319948632222,
1011,0,1,success,,,576.0000000000002,596.79979892758,0.9651477782583774
1012,1,0,obstacle_collision,,,804.0,620.622268372639,
1013,0,1,success,,,866.9999999999994,733.3818923316828,1.182194446120693
1014,1,0,boundary_collision,,,84.00000000000003,656.3695605373546,
1015,1,0,obstacle_collision,,,789.0000000000009,599.8033010912827,
1016,0,1,success,,,930.0000000000001,700.4691285131701,1.327681638124491
1017,1,0,boundary_collision,,,65.99999999999999,680.9552114493288,
1018,1,0,obstacle_collision,,,132.0000000000003,650.3944956716654,
1019,1,0,boundary_collision,,,117.00000000000006,650.403720776565,
1020,1,0,obstacle_collision,,,176.99999999999974,657.3598709991354,
1021,0,1,success,,,630.0,645.1449449542328,0.9765247405677073
1022,1,0,boundary_collision,,,768.0,689.2111432645296,
1023,0,1,success,,,722.9999999999999,694.1275099000183,1.041595369277527
1024,0,1,success,,,609.0000000000006,586.809168299201,1.0378160957592348
1025,0,1,success,,,659.999999999999,662.7254333432511,0.995887537725083
1026,0,1,success,,,681.0000000000007,660.3128046615483,1.0313293869093692
1027,1,0,obstacle_collision,,,444.0000000000002,610.970539387948,
1028,1,0,obstacle_collision,,,381.0000000000001,625.7683277379896,
1029,1,0,obstacle_collision,,,92.99999999999997,581.172951882656,
1030,1,0,obstacle_collision,,,89.99999999999983,627.3794704961265,
1031,0,1,success,,,729.0000000000002,614.0659573694018,1.1871688883763638
1032,0,1,success,,,683.9999999999999,585.9872012254193,1.1672609889253822
1033,1,0,obstacle_collision,,,144.00000000000003,683.9042330619105,
1034,1,0,obstacle_collision,,,350.99999999999966,672.1324274278098,
1035,1,0,obstacle_collision,,,188.99999999999994,646.4827917276685,
1036,1,0,obstacle_collision,,,540.0000000000009,602.3321342913725,
1037,1,0,boundary_collision,,,59.99999999999992,746.053617376124,
1038,1,0,obstacle_collision,,,155.99999999999974,589.0415944566224,
1039,1,0,obstacle_collision,,,75.00000000000007,682.7744869281511,
1040,1,0,obstacle_collision,,,288.00000000000006,554.2355095083677,
1041,1,0,boundary_collision,,,102.00000000000003,602.8764384183545,
1042,1,0,obstacle_collision,,,621.0000000000014,764.7653234816547,
1043,1,0,boundary_collision,,,89.99999999999999,633.4698098567918,
1044,1,0,boundary_collision,,,105.00000000000004,769.1033740661915,
1045,1,0,obstacle_collision,,,383.9999999999997,653.6497533082988,
1046,1,0,obstacle_collision,,,227.99999999999972,559.0438265467208,
1047,1,0,obstacle_collision,,,372.00000000000017,578.3459172502214,
1048,1,0,obstacle_collision,,,281.99999999999983,604.0206950096991,
1049,0,1,success,,,845.9999999999998,789.7474279793508,1.071228559951853
1050,0,1,success,,,560.9999999999999,569.1133454769797,0.985743884691054
1051,0,1,success,,,740.9999999999993,684.4742507939944,1.0825827255597047
1052,1,0,obstacle_collision,,,605.9999999999998,519.809580519636,
1053,1,0,boundary_collision,,,125.99999999999999,683.2225113387292,
1054,1,0,obstacle_collision,,,515.9999999999997,634.9716529105847,
1055,1,0,obstacle_collision,,,174.00000000000006,572.0874059092719,
1056,1,0,boundary_collision,,,77.99999999999999,666.3550104861522,
1057,1,0,obstacle_collision,,,222.0,644.5168733245081,
1058,0,1,success,,,741.0000000000001,632.1835176592316,1.1721279965407518
1059,1,0,boundary_collision,,,158.99999999999994,566.5200790792856,
1060,1,0,boundary_collision,,,74.99999999999999,721.4104240999017,
1061,0,1,success,,,623.9999999999991,637.7021248200448,0.9785132834175324
1062,1,0,obstacle_collision,,,287.99999999999994,626.76630413576,
1063,1,0,obstacle_collision,,,401.99999999999955,585.0239311344451,
1064,1,0,obstacle_collision,,,230.9999999999996,692.4333902983016,
1065,1,0,obstacle_collision,,,222.00000000000006,657.1582762166204,
1066,1,0,obstacle_collision,,,339.00000000000017,560.1473020554504,
1067,1,0,boundary_collision,,,792.0,677.9387877972465,
1068,1,0,obstacle_collision,,,327.00000000000017,555.2341848265469,
1069,1,0,boundary_collision,,,144.00000000000009,542.4029867174405,
1070,0,1,success,,,723.0,610.0049180129616,1.1852363458889972
1071,1,0,boundary_collision,,,83.99999999999993,610.8109363788438,
1072,0,1,success,,,564.0000000000007,544.1001746002293,1.0365738265281619
1073,1,0,obstacle_collision,,,536.9999999999991,631.8385869824666,
1074,1,0,obstacle_collision,,,242.99999999999994,568.9578191746731,
1075,1,0,obstacle_collision,,,275.9999999999999,571.6397466936672,
1076,1,0,obstacle_collision,,,585.0000000000006,710.4400045042509,
1077,1,0,obstacle_collision,,,105.00000000000006,670.0634298333256,
1078,1,0,obstacle_collision,,,503.99999999999966,645.2387155154285,
1079,0,1,success,,,639.0000000000001,647.8248220005158,0.986377764943825
1080,1,0,obstacle_collision,,,531.0,641.0655192724064,
1081,1,0,obstacle_collision,,,621.0000000000001,630.8002853518695,
1082,1,0,obstacle_collision,,,369.00000000000034,613.6358855216993,
1083,1,0,obstacle_collision,,,135.0000000000001,544.2352432542384,
1084,1,0,obstacle_collision,,,360.0000000000005,715.7129312790149,
1085,1,0,obstacle_collision,,,105.00000000000001,555.020720333935,
1086,1,0,boundary_collision,,,96.00000000000003,642.1230411689024,
1087,0,1,success,,,795.0,618.3283917143058,1.2857245610150214
1088,0,1,success,,,599.9999999999997,519.6085064738644,1.1547155070106205
1089,1,0,obstacle_collision,,,293.99999999999966,700.0921367934367,
1090,1,0,boundary_collision,,,131.9999999999999,563.6000354861593,
1091,1,0,boundary_collision,,,48.00000000000002,602.5163898185675,
1092,1,0,obstacle_collision,,,363.0000000000002,672.6812023536855,
1093,1,0,obstacle_collision,,,191.99999999999997,613.2544333308973,
1094,1,0,obstacle_collision,,,189.0000000000001,639.3316823058278,
1095,1,0,obstacle_collision,,,801.0000000000003,717.4900696176917,
1096,1,0,obstacle_collision,,,381.0000000000004,595.3326801041583,
1097,1,0,boundary_collision,,,65.99999999999997,715.7716116192371,
1098,1,0,obstacle_collision,,,159.00000000000009,648.4689661040072,
1099,1,0,obstacle_collision,,,222.00000000000014,644.8914637363407,
1100,1,0,obstacle_collision,,,266.9999999999999,588.9804750583843,
1101,1,0,obstacle_collision,,,603.0000000000008,643.7429611265665,
1102,1,0,obstacle_collision,,,93.00000000000006,579.382429833698,
1103,1,0,boundary_collision,,,141.0,662.6024449094646,
1104,0,1,success,,,590.9999999999999,598.652653882032,0.9872168713653775
1105,1,0,obstacle_collision,,,134.99999999999966,602.6649151891953,
1106,1,0,obstacle_collision,,,117.00000000000001,691.0115773270372,
1107,0,1,success,,,627.0000000000006,559.2253570788793,1.121193794349997
1108,0,1,success,,,632.9999999999994,573.5477312308018,1.1036570550834826
1109,1,0,obstacle_collision,,,225.0,653.6765255078386,
1110,0,1,success,,,590.9999999999995,567.1155085165632,1.042115743838345
1111,0,1,success,,,714.0,674.1668932838514,1.0590849344768658
1112,1,0,boundary_collision,,,45.0,611.5848264958836,
1113,1,0,obstacle_collision,,,324.0000000000004,625.8066794146575,
1114,1,0,obstacle_collision,,,81.00000000000009,581.9862541332054,
1115,0,1,success,,,626.9999999999992,611.020457922646,1.026152221042943
1116,1,0,boundary_collision,,,68.99999999999999,794.433131232579,
1117,1,0,boundary_collision,,,78.00000000000003,628.1504596830285,
1118,0,1,success,,,689.9999999999993,701.32731302866,0.983848749623419
1119,1,0,boundary_collision,,,90.00000000000003,645.2239921143664,
1120,1,0,obstacle_collision,,,228.0000000000003,619.8386886924694,
1121,0,1,success,,,534.0000000000002,550.90561805086,0.9693130411146053
1122,0,1,success,,,525.0000000000017,536.1576260765112,0.9791896533149055
1123,1,0,obstacle_collision,,,108.00000000000023,597.6286472384,
1124,1,0,obstacle_collision,,,270.0000000000002,699.4404906780848,
1125,1,0,obstacle_collision,,,120.00000000000003,621.4217569412903,
1126,1,0,obstacle_collision,,,128.99999999999991,633.9022006587452,
1127,1,0,obstacle_collision,,,338.99999999999994,691.4853577625487,
1128,1,0,obstacle_collision,,,594.0000000000001,579.6826718127772,
1129,1,0,obstacle_collision,,,224.99999999999994,510.03529289648185,
1130,1,0,boundary_collision,,,108.00000000000004,630.1269713319689,
1131,0,1,success,,,582.0000000000008,605.4370322337411,0.9612890672589516
1132,1,0,obstacle_collision,,,296.99999999999994,668.1234915792139,
1133,0,1,success,,,594.0000000000011,585.9530697931363,1.0137330626319712
1134,0,1,success,,,690.0,673.0564612274367,1.0251740229068804
1135,1,0,obstacle_collision,,,699.0,687.884437969053,
1136,1,0,obstacle_collision,,,92.99999999999997,544.9889907144914,
1137,1,0,obstacle_collision,,,197.99999999999986,596.8123658236314,
1138,1,0,boundary_collision,,,146.99999999999997,743.1318860067842,
1139,1,0,boundary_collision,,,57.00000000000012,722.4140087235297,
1140,1,0,obstacle_collision,,,645.0,554.5637925432925,
1141,1,0,obstacle_collision,,,336.0,688.7858883571876,
1142,1,0,obstacle_collision,,,224.9999999999999,614.8406297570127,
1143,1,0,boundary_collision,,,120.0000000000001,615.0292675962665,
1144,1,0,boundary_collision,,,941.9999999999994,691.0701845688324,
1145,1,0,obstacle_collision,,,186.00000000000003,573.2591037218685,
1146,1,0,obstacle_collision,,,251.99999999999986,570.4734875522262,
1147,1,0,boundary_collision,,,83.99999999999996,702.3531875061151,
1148,0,1,success,,,723.0000000000001,591.662910786201,1.2219795880719961
1149,1,0,obstacle_collision,,,168.00000000000006,642.870126853006,
1150,0,1,success,,,639.0000000000001,625.0199996800102,1.022367284770323
1151,1,0,obstacle_collision,,,383.9999999999999,644.4920480502456,
1152,0,1,success,,,662.9999999999997,680.7789655974984,0.9738843787838029
1153,1,0,obstacle_collision,,,416.99999999999966,704.4125211834327,
1154,0,1,success,,,741.0,741.1464092876656,0.9998024556473176
1155,1,0,obstacle_collision,,,584.999999999999,639.5029319713867,
1156,1,0,obstacle_collision,,,521.9999999999999,629.5792245619291,
1157,1,0,obstacle_collision,,,297.00000000000017,644.4175664893066,
1158,1,0,obstacle_collision,,,158.99999999999983,661.6350958043263,
1159,1,0,obstacle_collision,,,390.00000000000006,578.4980553122024,
1160,1,0,boundary_collision,,,174.00000000000014,559.4506233797581,
1161,1,0,obstacle_collision,,,326.9999999999999,576.3132828592449,
1162,1,0,boundary_collision,,,107.99999999999966,591.3958065458361,
1163,1,0,boundary_collision,,,83.99999999999997,642.0124609382593,
1164,1,0,obstacle_collision,,,135.0,639.4325609475951,
1165,0,1,success,,,681.0000000000005,666.3910263501452,1.0219225245722008
1166,1,0,obstacle_collision,,,161.99999999999994,570.0245608743539,
1167,0,1,success,,,804.0000000000001,675.7825093918901,1.1897318868514188
1168,1,0,obstacle_collision,,,309.00000000000006,716.0111730971801,
1169,1,0,obstacle_collision,,,204.00000000000006,568.2543444620551,
1170,1,0,obstacle_collision,,,125.99999999999999,582.8078585606066,
1171,1,0,obstacle_collision,,,102.00000000000003,628.3183906269178,
1172,1,0,obstacle_collision,,,405.0,608.789783094296,
1173,1,0,obstacle_collision,,,633.0,622.6154511413928,
1174,1,0,obstacle_collision,,,266.99999999999994,663.9736440552441,
1175,1,0,obstacle_collision,,,224.99999999999994,573.6906832082948,
1176,1,0,obstacle_collision,,,435.0000000000002,589.132412959939,
1177,0,1,success,,,905.9999999999999,695.7988214994331,1.3021005095231224
1178,0,1,success,,,693.0,634.0638769083127,1.0929498197863896
1179,1,0,obstacle_collision,,,183.00000000000006,601.1929806642789,
1180,0,1,success,,,717.0000000000003,686.8282172421282,1.0439291543364702
1181,1,0,obstacle_collision,,,186.00000000000003,762.988859682761,
1182,0,1,success,,,599.9999999999997,615.3933701300332,0.9749861293975577
1183,1,0,obstacle_collision,,,378.00000000000034,556.4287914908789,
1184,1,0,obstacle_collision,,,242.99999999999972,587.3414679724224,
1185,0,1,success,,,575.9999999999992,546.5939992352642,1.0537986161682653
1186,1,0,obstacle_collision,,,242.99999999999994,656.494478270762,
1187,0,1,success,,,656.9999999999997,629.651490905882,1.0434343593068782
1188,1,0,obstacle_collision,,,303.0000000000002,675.9622770539788,
1189,0,1,success,,,774.0000000000002,655.616503758104,1.1805682065099063
1190,1,0,obstacle_collision,,,180.00000000000026,582.5804665451803,
1191,1,0,obstacle_collision,,,693.0,666.6160814141825,
1192,0,1,success,,,918.0000000000001,615.3129285168645,1.4919237959337621
1193,1,0,obstacle_collision,,,206.9999999999999,581.8676825533448,
1194,1,0,obstacle_collision,,,260.9999999999997,578.5257124795751,
1195,1,0,obstacle_collision,,,413.9999999999999,650.4067957824549,
1196,0,1,success,,,713.9999999999998,562.0320275571491,1.2703902357724588
1197,1,0,obstacle_collision,,,237.00000000000003,593.5697094697471,
1198,1,0,obstacle_collision,,,177.00000000000017,668.8796603276257,
1199,1,0,obstacle_collision,,,204.00000000000028,674.8229397404922,
1200,1,0,obstacle_collision,,,138.00000000000017,655.1717332119877,
1201,1,0,obstacle_collision,,,287.9999999999998,647.1908528401804,
1202,1,0,obstacle_collision,,,327.00000000000045,547.2056286260221,
1203,0,1,success,,,663.0,665.9804801944273,0.9955246733454453
1204,0,1,success,,,657.0000000000001,654.7220784424487,1.003479219095483
1205,1,0,obstacle_collision,,,272.99999999999994,520.6006146750117,
1206,1,0,boundary_collision,,,44.99999999999997,680.2065862662607,
1207,1,0,boundary_collision,,,84.00000000000009,613.6521816143082,
1208,1,0,obstacle_collision,,,674.9999999999999,577.8061958823217,
1209,0,1,success,,,876.0,646.9907263632145,1.3539606740950747
1210,1,0,obstacle_collision,,,80.9999999999999,688.0152614586394,
1211,1,0,obstacle_collision,,,576.0000000000002,653.6941180705238,
1212,1,0,boundary_collision,,,135.00000000000003,648.297771089798,
1213,1,0,obstacle_collision,,,170.99999999999997,600.7636806598748,
1214,1,0,boundary_collision,,,96.00000000000001,616.5841386218104,
1215,0,1,success,,,575.9999999999997,569.7727617217236,1.0109293365647365
1216,1,0,obstacle_collision,,,174.0000000000001,611.2487218800543,
1217,0,1,success,,,623.9999999999999,643.3241795549114,0.9699619877986225
1218,0,1,success,,,774.0000000000006,619.0226167112152,1.2503581922614713
1219,1,0,boundary_collision,,,41.999999999999986,720.9833562572717,
1220,1,0,boundary_collision,,,104.99999999999983,588.0688735173798,
1221,1,0,obstacle_collision,,,123.00000000000011,601.332686621973,
1222,1,0,obstacle_collision,,,231.00000000000009,661.8708333202181,
1223,1,0,obstacle_collision,,,234.0000000000001,560.1428389259297,
1224,0,1,success,,,641.9999999999994,651.5650389638781,0.9853199014804584
1225,0,1,success,,,606.0000000000006,596.3354760535382,1.0162065218900287
1226,0,1,success,,,711.0000000000001,622.0755581117136,1.142947975898962
1227,0,1,success,,,726.0000000000002,711.2945943840709,1.0206741422359087
1228,1,0,obstacle_collision,,,447.00000000000006,641.0561597863326,
1229,1,0,boundary_collision,,,63.000000000000036,637.974921137187,
1230,1,0,boundary_collision,,,764.9999999999995,629.0,
1231,0,1,success,,,641.9999999999994,630.2864428178667,1.0185844980732317
1232,1,0,obstacle_collision,,,531.0000000000001,620.2007739434061,
1233,1,0,boundary_collision,,,42.00000000000003,680.5247974908776,
1234,0,1,success,,,668.9999999999993,684.5326873130311,0.9773090641237284
1235,1,0,obstacle_collision,,,479.9999999999997,687.0953354520753,
1236,0,1,success,,,699.0000000000007,582.1683605281207,1.2006835949756782
1237,0,1,success,,,590.9999999999995,601.4790104400984,0.9825779283096988
1238,1,0,boundary_collision,,,74.99999999999999,684.6853291841443,
1239,0,1,success,,,630.0000000000003,637.1224372128171,0.9888209286052224
1240,1,0,obstacle_collision,,,549.0000000000002,667.0067465925663,
1241,1,0,obstacle_collision,,,120.00000000000016,620.2007739434061,
1242,1,0,obstacle_collision,,,170.99999999999972,616.520072665927,
1243,1,0,obstacle_collision,,,335.9999999999996,670.6847247403209,
1244,1,0,obstacle_collision,,,164.99999999999997,634.1963418374471,
1245,1,0,boundary_collision,,,99.00000000000009,650.5021137552129,
1246,0,1,success,,,600.0000000000009,609.1469445051825,0.9849840098720156
1247,1,0,obstacle_collision,,,140.99999999999994,668.3150454688267,
1248,1,0,obstacle_collision,,,185.99999999999994,629.1390943185776,
1249,1,0,obstacle_collision,,,261.0000000000002,622.5407617176566,
1250,0,1,success,,,648.0000000000007,618.0291255272683,1.0484942751640756
1251,1,0,boundary_collision,,,126.00000000000007,640.3124237432849,
1252,1,0,obstacle_collision,,,558.0000000000002,712.859032347911,
1253,1,0,boundary_collision,,,44.99999999999999,578.6622503671723,
1254,1,0,boundary_collision,,,42.0,642.7005523570056,
1255,0,1,success,,,623.9999999999999,628.3510165504629,0.9930755001012821
1256,1,0,obstacle_collision,,,198.00000000000003,681.5841840888036,
1257,0,1,success,,,608.9999999999994,618.8133805922429,0.9841416153883883
1258,1,0,boundary_collision,,,110.99999999999997,695.1848674992862,
1259,0,1,success,,,632.9999999999998,644.5463520957977,0.9820860795220484
1260,0,1,success,,,735.0000000000005,660.3370351570477,1.1130679650963324
1261,0,1,success,,,585.0,575.2225656213428,1.0169976544089432
1262,1,0,obstacle_collision,,,413.99999999999994,621.5504806530198,
1263,1,0,boundary_collision,,,831.0,700.0,
1264,1,0,obstacle_collision,,,69.00000000000004,676.2396025078685,
1265,0,1,success,,,612.0,624.720737610014,0.9796377215543067
1266,1,0,boundary_collision,,,69.00000000000004,594.3475414267313,
1267,1,0,boundary_collision,,,263.99999999999926,614.1180668242874,
1268,1,0,boundary_collision,,,123.0000000000001,670.9038679274402,
1269,1,0,obstacle_collision,,,198.00000000000006,647.4079085090018,
1270,1,0,obstacle_collision,,,278.9999999999997,566.6436269826036,
1271,1,0,obstacle_collision,,,192.00000000000014,579.5239425597531,
1272,0,1,success,,,578.9999999999991,563.0994583552714,1.0282375367420362
1273,1,0,obstacle_collision,,,132.00000000000017,671.1221945368817,
1274,0,1,success,,,663.0000000000013,639.6882053000509,1.0364424332148126
1275,1,0,obstacle_collision,,,98.99999999999994,634.4540960542378,
1276,1,0,boundary_collision,,,71.99999999999997,657.4937262058095,
1277,1,0,obstacle_collision,,,281.99999999999983,678.0914392616972,
1278,1,0,boundary_collision,,,138.0,614.144119893694,
1279,1,0,obstacle_collision,,,263.99999999999994,730.8686612518011,
1280,1,0,obstacle_collision,,,284.9999999999996,591.7600865215564,
1281,1,0,boundary_collision,,,180.00000000000006,555.4457669295896,
1282,1,0,obstacle_collision,,,209.99999999999994,730.8652406565795,
1283,1,0,boundary_collision,,,878.9999999999999,640.2725981954874,
1284,1,0,obstacle_collision,,,513.0000000000001,647.9575603386382,
1285,1,0,obstacle_collision,,,461.99999999999943,627.0924971644932,
1286,1,0,obstacle_collision,,,77.99999999999994,682.367203197809,
1287,1,0,obstacle_collision,,,132.00000000000009,597.4763593649543,
1288,1,0,obstacle_collision,,,176.99999999999997,626.917857458216,
1289,0,1,success,,,740.9999999999999,685.6544319115862,1.0807193325274829
1290,1,0,obstacle_collision,,,63.00000000000002,646.6382296152927,
1291,1,0,obstacle_collision,,,519.0000000000002,522.9799231328101,
1292,0,1,success,,,630.0000000000001,647.8410298831034,0.9724607904406386
1293,1,0,obstacle_collision,,,210.0000000000001,654.9114443953472,
1294,0,1,success,,,803.9999999999999,658.0402723238145,1.2218097186677355
1295,1,0,obstacle_collision,,,105.0,627.1794001719126,
1296,1,0,obstacle_collision,,,369.0000000000003,599.1060006376167,
1297,0,1,success,,,798.0,693.3520029537666,1.1509305469666486
1298,1,0,obstacle_collision,,,641.9999999999993,648.7873303325213,
1299,1,0,obstacle_collision,,,513.0000000000001,640.1226444986929,
1300,1,0,boundary_collision,,,50.99999999999996,653.9373058634902,
1301,1,0,obstacle_collision,,,246.00000000000006,519.2003466870954,
1302,1,0,obstacle_collision,,,393.00000000000006,636.2020119427476,
1303,1,0,boundary_collision,,,83.9999999999999,640.2257414381274,
1304,1,0,obstacle_collision,,,213.0000000000002,622.98394842885,
1305,0,1,success,,,618.0000000000003,624.551839321605,0.9895095348230479
1306,1,0,boundary_collision,,,117.00000000000009,629.9817457672881,
1307,1,0,obstacle_collision,,,261.0000000000002,621.2970304129901,
1308,0,1,success,,,687.0000000000002,615.3771201466626,1.1163885973470509
1309,1,0,obstacle_collision,,,315.0000000000007,643.6528567481076,
1310,1,0,obstacle_collision,,,795.0,636.4157446198201,
1311,1,0,boundary_collision,,,141.00000000000014,618.3631619040707,
1312,1,0,boundary_collision,,,84.0,625.4998001598402,
1313,1,0,obstacle_collision,,,269.99999999999994,632.7787923121318,
1314,1,0,boundary_collision,,,69.0,622.2869113198509,
1315,0,1,success,,,602.9999999999995,615.2276001611111,0.9801250786572164
1316,1,0,obstacle_collision,,,129.00000000000006,648.1303881164654,
1317,0,1,success,,,743.9999999999994,578.1141755743411,1.286943014778794
1318,1,0,obstacle_collision,,,639.0000000000003,666.3069863058619,
1319,1,0,obstacle_collision,,,140.99999999999994,619.4876915645701,
1320,1,0,boundary_collision,,,66.0,696.6153888624626,
1321,1,0,obstacle_collision,,,192.0000000000002,696.8220719810761,
1322,1,0,obstacle_collision,,,93.00000000000013,677.6820788540892,
1323,1,0,obstacle_collision,,,633.0000000000002,640.7440986852707,
1324,1,0,obstacle_collision,,,189.00000000000014,652.9938743969961,
1325,0,1,success,,,642.0000000000001,590.6640331017287,1.0869122953512051
1326,0,1,success,,,648.0000000000007,664.2604910725912,0.9755209119146399
1327,0,1,success,,,720.0000000000003,674.7592163134935,1.0670473001223713
1328,1,0,obstacle_collision,,,164.99999999999991,567.7966185175816,
1329,1,0,obstacle_collision,,,825.0000000000002,636.3780323046985,
1330,1,0,boundary_collision,,,54.0,785.6112270073538,
1331,0,1,success,,,714.0000000000001,667.6076692189807,1.0694904101915017
1332,1,0,obstacle_collision,,,305.9999999999999,542.3098745182499,
1333,1,0,obstacle_collision,,,366.0000000000008,607.2536537559902,
1334,1,0,obstacle_collision,,,351.0,579.0215885439851,
1335,1,0,obstacle_collision,,,179.99999999999974,696.7302203866285,
1336,1,0,boundary_collision,,,51.0,625.6620493525238,
1337,1,0,obstacle_collision,,,200.99999999999957,581.1609071505068,
1338,1,0,obstacle_collision,,,363.0000000000007,587.7839739223926,
1339,1,0,obstacle_collision,,,398.99999999999994,574.9304305739956,
1340,0,1,success,,,705.0,680.7620729741045,1.0356041089657142
1341,1,0,obstacle_collision,,,162.0,618.742272679021,
1342,1,0,boundary_collision,,,119.99999999999986,622.4146527838175,
1343,0,1,success,,,680.9999999999998,696.9146289180619,0.9771641629294407
1344,1,0,boundary_collision,,,39.000000000000014,618.0177990964338,
1345,1,0,obstacle_collision,,,456.0,588.2286970218302,
1346,1,0,obstacle_collision,,,219.00000000000006,643.9914595706996,
1347,1,0,obstacle_collision,,,143.9999999999999,624.0785207007208,
1348,1,0,boundary_collision,,,39.0,761.8825368782251,
1349,1,0,obstacle_collision,,,362.9999999999997,618.5280915205065,
1350,1,0,obstacle_collision,,,345.00000000000006,636.5854223904283,
1351,1,0,obstacle_collision,,,152.9999999999999,627.7618975375934,
1352,1,0,boundary_collision,,,164.99999999999994,551.4063837135004,
1353,1,0,obstacle_collision,,,518.9999999999999,739.7627998216726,
1354,1,0,boundary_collision,,,149.99999999999997,557.008078936024,
1355,1,0,obstacle_collision,,,68.99999999999993,591.8048664889467,
1356,1,0,boundary_collision,,,92.99999999999997,606.0528029800704,
1357,0,1,success,,,627.0000000000002,635.4400050358806,0.986717856966837
1358,1,0,obstacle_collision,,,359.9999999999998,549.3860209360992,
1359,1,0,boundary_collision,,,66.00000000000011,721.8226929101079,
1360,1,0,obstacle_collision,,,669.0,772.5749154612774,
1361,0,1,success,,,648.0,593.2756526270061,1.09224101331426
1362,1,0,obstacle_collision,,,402.0000000000001,774.6792884800781,
1363,0,1,success,,,894.0,728.8017563096291,1.2266710285206652
1364,0,1,success,,,600.0000000000002,548.022809744266,1.0948449395381723
1365,0,1,success,,,780.0000000000006,647.4889960454926,1.2046536771494378
1366,1,0,obstacle_collision,,,506.99999999999994,559.0465096930666,
1367,1,0,obstacle_collision,,,111.00000000000013,583.123486064487,
1368,0,1,success,,,792.0,682.7393353249834,1.160032766565308
1369,1,0,boundary_collision,,,89.99999999999999,666.3887754156729,
1370,1,0,obstacle_collision,,,71.99999999999996,706.0318689690997,
1371,1,0,obstacle_collision,,,302.99999999999966,533.8333073160572,
1372,1,0,obstacle_collision,,,272.9999999999999,575.0634747573523,
1373,1,0,obstacle_collision,,,264.00000000000006,639.7405724197896,
1374,1,0,obstacle_collision,,,261.00000000000006,742.7603920511648,
1375,1,0,obstacle_collision,,,113.99999999999993,602.0132888898715,
1376,1,0,obstacle_collision,,,213.00000000000003,742.445284179245,
1377,1,0,obstacle_collision,,,453.00000000000006,641.626838590781,
1378,1,0,obstacle_collision,,,314.9999999999998,606.1856151378058,
1379,1,0,obstacle_collision,,,779.9999999999999,569.8929724079777,
1380,1,0,obstacle_collision,,,104.99999999999984,605.2602745926747,
1381,1,0,obstacle_collision,,,165.0000000000001,624.3756881878089,
1382,1,0,obstacle_collision,,,831.0000000000001,606.5847014226455,
1383,1,0,obstacle_collision,,,135.00000000000009,620.5972929364098,
1384,1,0,obstacle_collision,,,80.99999999999986,635.1330569258697,
1385,1,0,boundary_collision,,,180.00000000000009,646.7773960181354,
1386,1,0,obstacle_collision,,,477.0,774.7031689621516,
1387,1,0,obstacle_collision,,,83.99999999999989,603.6232268559586,
1388,1,0,obstacle_collision,,,372.0000000000007,601.2528586210631,
1389,1,0,obstacle_collision,,,356.9999999999998,636.3976744143555,
1390,1,0,obstacle_collision,,,750.0,677.2067631085797,
1391,1,0,obstacle_collision,,,327.0000000000003,648.4705081960166,
1392,1,0,obstacle_collision,,,617.9999999999998,638.260918433833,
1393,1,0,obstacle_collision,,,189.00000000000006,685.9810493009264,
1394,1,0,obstacle_collision,,,398.99999999999994,793.6227063283912,
1395,1,0,boundary_collision,,,122.99999999999989,612.3806006071715,
1396,0,1,success,,,671.9999999999992,627.774641093442,1.0704478263561692
1397,1,0,obstacle_collision,,,128.99999999999997,631.0451647861664,
1398,0,1,success,,,873.0000000000005,620.8413646012965,1.4061563062258906
1399,0,1,success,,,618.0000000000002,554.0658805593429,1.115390825683246
1400,1,0,obstacle_collision,,,588.0000000000002,627.536453124438,
1401,1,0,obstacle_collision,,,204.0000000000004,698.0114612239544,
1402,0,1,success,,,599.9999999999995,566.0035335578746,1.0600640533609829
1403,1,0,boundary_collision,,,131.99999999999991,569.0281188131215,
1404,1,0,boundary_collision,,,50.999999999999694,535.4484102133463,
1405,1,0,obstacle_collision,,,183.00000000000009,588.4114206913391,
1406,1,0,obstacle_collision,,,164.99999999999994,581.1170278007693,
1407,1,0,obstacle_collision,,,347.99999999999994,586.9522978914044,
1408,1,0,boundary_collision,,,167.99999999999966,619.4650918332687,
1409,1,0,obstacle_collision,,,174.00000000000003,645.665548097465,
1410,0,1,success,,,603.0000000000001,580.0560317762414,1.039554744657167
1411,1,0,obstacle_collision,,,176.99999999999997,663.0897375167256,
1412,0,1,success,,,501.0000000000007,522.1743004016954,0.9594497462142317
1413,1,0,obstacle_collision,,,218.99999999999997,676.3615896840979,
1414,1,0,obstacle_collision,,,216.00000000000014,668.198323853031,
1415,0,1,success,,,722.9999999999999,714.4403404063911,1.0119809298404676
1416,1,0,obstacle_collision,,,404.9999999999998,560.2356646983482,
1417,1,0,obstacle_collision,,,170.99999999999997,643.7297569632773,
1418,1,0,obstacle_collision,,,264.0000000000006,608.6583606589168,
1419,1,0,obstacle_collision,,,171.0000000000001,622.7720289158786,
1420,0,1,success,,,666.0,520.2893425777622,1.2800569711851437
1421,0,1,success,,,665.9999999999999,606.7495364645943,1.0976522600752956
1422,0,1,success,,,602.9999999999997,582.975128114399,1.0343494446330326
1423,1,0,obstacle_collision,,,171.00000000000023,686.8951885113187,
1424,1,0,boundary_collision,,,72.00000000000013,686.8027373271018,
1425,1,0,obstacle_collision,,,368.9999999999999,680.2653893885827,
1426,1,0,obstacle_collision,,,258.0000000000008,606.9810540700591,
1427,1,0,obstacle_collision,,,327.00000000000006,585.0546982975181,
1428,1,0,obstacle_collision,,,132.0,636.7495583037337,
1429,0,1,success,,,606.0000000000007,608.8021024930844,0.9953973508277831
1430,1,0,obstacle_collision,,,324.00000000000125,591.3036445008605,
1431,1,0,obstacle_collision,,,431.9999999999998,632.285536763257,
1432,1,0,obstacle_collision,,,476.99999999999994,718.476861144463,
1433,1,0,obstacle_collision,,,438.0000000000006,678.1887642832193,
1434,1,0,obstacle_collision,,,158.99999999999991,681.6524040887701,
1435,1,0,obstacle_collision,,,348.0,667.1079372935087,
1436,1,0,boundary_collision,,,59.999999999999986,774.9645153166692,
1437,0,1,success,,,600.0000000000003,605.8919045506385,0.9902756506459549
1438,1,0,obstacle_collision,,,717.0,617.9457905026945,
1439,1,0,obstacle_collision,,,554.9999999999994,623.0,
1440,0,1,success,,,707.9999999999997,645.2387155154285,1.097268317872768
1441,1,0,obstacle_collision,,,245.99999999999977,638.1763079275194,
1442,0,1,success,,,612.0000000000003,623.0409296346429,0.982278965779797
1443,1,0,obstacle_collision,,,261.00000000000006,676.563374710751,
1444,0,1,success,,,638.9999999999998,639.9882811427096,0.998455782438789
1445,1,0,boundary_collision,,,72.00000000000003,730.4197423399781,
1446,1,0,obstacle_collision,,,774.0,709.8823846243827,
1447,1,0,boundary_collision,,,53.999999999999964,683.5202996254025,
1448,1,0,boundary_collision,,,158.9999999999996,594.5082001116554,
1449,1,0,obstacle_collision,,,344.99999999999994,604.6924838295909,
1450,0,1,success,,,701.9999999999997,603.9105894087303,1.1624237301208868
1451,1,0,obstacle_collision,,,422.99999999999966,532.1362607453095,
1452,1,0,boundary_collision,,,102.00000000000003,653.0926427391446,
1453,1,0,obstacle_collision,,,564.0000000000007,558.4639648177848,
1454,0,1,success,,,624.0000000000002,625.8282511999598,0.9970786694329409
1455,1,0,obstacle_collision,,,405.0000000000001,611.9624171466742,
1456,0,1,success,,,740.9999999999999,635.5297003287887,1.1659565235372107
1457,1,0,obstacle_collision,,,228.00000000000009,600.903486426897,
1458,1,0,obstacle_collision,,,231.00000000000023,694.9424436599048,
1459,0,1,success,,,719.9999999999998,720.1902526416197,0.9997358300241885
1460,1,0,boundary_collision,,,131.99999999999977,579.718034910076,
1461,1,0,obstacle_collision,,,489.0000000000007,528.2139717955215,
1462,0,1,success,,,611.9999999999994,618.0655305062725,0.9901862663311695
1463,0,1,success,,,650.9999999999998,625.0511979030198,1.0415146826116572
1464,0,1,success,,,594.0,567.5535217052221,1.0465973292092683
1465,1,0,obstacle_collision,,,285.0000000000001,566.7397992024206,
1466,1,0,obstacle_collision,,,96.00000000000024,564.8513078678317,
1467,1,0,obstacle_collision,,,410.9999999999999,637.2166036757046,
1468,0,1,success,,,675.0000000000003,636.4039597614081,1.060647077452287
1469,1,0,obstacle_collision,,,300.0000000000001,577.7205206672168,
1470,1,0,obstacle_collision,,,315.0,620.1814250685037,
1471,1,0,obstacle_collision,,,83.99999999999996,571.693974080539,
1472,1,0,obstacle_collision,,,192.0000000000002,675.0770326414608,
1473,0,1,success,,,756.0,618.4658438426491,1.2223795501831183
1474,0,1,success,,,714.0000000000002,672.8461934201605,1.0611637651848038
1475,1,0,obstacle_collision,,,75.00000000000001,673.5532644119543,
1476,1,0,boundary_collision,,,92.9999999999999,664.4004816373931,
1477,1,0,boundary_collision,,,102.00000000000006,693.7665313345693,
1478,1,0,obstacle_collision,,,231.00000000000009,652.8031862667339,
1479,0,1,success,,,653.9999999999997,632.7756316420537,1.0335416967667808
1480,1,0,boundary_collision,,,119.99999999999999,602.9593684486542,
1481,1,0,obstacle_collision,,,372.00000000000006,669.2876810460506,
1482,0,1,success,,,575.9999999999998,588.3961250722169,0.9789323475393457
1483,0,1,success,,,575.9999999999999,552.3712519673702,1.042776932992931
1484,0,1,success,,,791.999999999999,694.1037386443038,1.1410398127906678
1485,1,0,obstacle_collision,,,158.99999999999977,637.7060451336494,
1486,1,0,obstacle_collision,,,392.9999999999994,608.6788972849314,
1487,1,0,obstacle_collision,,,600.0000000000002,705.9065093905849,
1488,1,0,obstacle_collision,,,224.9999999999999,564.6459067415614,
1489,1,0,obstacle_collision,,,248.99999999999966,609.9713108007621,
1490,1,0,obstacle_collision,,,81.00000000000003,619.0129239361647,
1491,1,0,obstacle_collision,,,93.0,665.2668637471733,
1492,0,1,success,,,723.0000000000001,613.6554407808994,1.178185593987329
1493,0,1,success,,,839.999999999999,584.0445188510889,1.438246525542978
1494,1,0,obstacle_collision,,,497.9999999999999,574.087101405353,
1495,0,1,success,,,692.9999999999999,687.3463464658847,1.0082253343793626
1496,0,1,success,,,672.0000000000001,634.8582518956496,1.0585040014734746
1497,1,0,obstacle_collision,,,309.0000000000001,559.9089211648624,
1498,1,0,obstacle_collision,,,243.0,572.7660953652896,
1499,1,0,obstacle_collision,,,305.99999999999983,625.2455517634652,
1500,0,1,success,,,717.0000000000001,676.8847760143524,1.059264479579309
1501,0,1,success,,,867.0,635.0338573651014,1.3652815356922516
1502,1,0,boundary_collision,,,107.99999999999994,670.1678894127948,
1503,0,1,success,,,677.9999999999997,646.4216889925647,1.0488509459771518
1504,1,0,obstacle_collision,,,384.0000000000002,561.1167436460972,
1505,1,0,obstacle_collision,,,263.99999999999943,549.3286812100748,
1506,1,0,obstacle_collision,,,68.99999999999994,586.584179807127,
1507,1,0,obstacle_collision,,,359.99999999999994,632.1471347716448,
1508,1,0,obstacle_collision,,,762.0000000000001,766.6028958985219,
1509,0,1,success,,,650.9999999999995,624.2339305100293,1.0428782675560444
1510,1,0,obstacle_collision,,,279.0000000000002,577.5898198548863,
1511,1,0,obstacle_collision,,,209.99999999999997,678.3877947015261,
1512,1,0,obstacle_collision,,,257.99999999999983,611.4131172946816,
1513,1,0,obstacle_collision,,,152.99999999999986,715.2796655854268,
1514,0,1,success,,,662.9999999999994,608.2269313340211,1.0900536721480663
1515,1,0,obstacle_collision,,,413.99999999999983,633.0244860982867,
1516,1,0,obstacle_collision,,,204.0000000000002,621.4088831035489,
1517,0,1,success,,,593.9999999999995,556.2319659997976,1.0678997905708565
1518,1,0,obstacle_collision,,,153.00000000000009,574.8156226130253,
1519,1,0,obstacle_collision,,,234.00000000000009,648.8451279003334,
1520,0,1,success,,,638.9999999999993,577.556923601475,1.106384451276912
1521,1,0,boundary_collision,,,47.99999999999993,624.1354019762058,
1522,1,0,obstacle_collision,,,219.00000000000003,562.2463872716303,
1523,1,0,obstacle_collision,,,177.0000000000001,629.4839156007085,
1524,1,0,obstacle_collision,,,747.0000000000001,594.9495776954548,
1525,1,0,obstacle_collision,,,233.99999999999957,643.1834885940403,
1526,1,0,obstacle_collision,,,281.9999999999995,576.4173834991446,
1527,1,0,obstacle_collision,,,182.99999999999974,629.6133734284874,
1528,1,0,obstacle_collision,,,533.9999999999999,579.1200221024999,
1529,0,1,success,,,632.9999999999991,599.4205535348283,1.0560198449438383
1530,1,0,obstacle_collision,,,249.0000000000004,718.7523913003698,
1531,0,1,success,,,659.9999999999994,634.9960629799211,1.039376522907464
1532,0,1,success,,,668.9999999999999,641.8138359368704,1.0423583328075894
1533,0,1,success,,,677.9999999999998,664.2439310976051,1.020709363320285
1534,1,0,obstacle_collision,,,392.99999999999983,626.0966379082386,
1535,0,1,success,,,617.9999999999993,613.5796606798501,1.0072041816302246
1536,0,1,success,,,663.0,560.7655481571599,1.1823122910792443
1537,1,0,obstacle_collision,,,575.9999999999999,662.5345274021573,
1538,0,1,success,,,717.0000000000005,663.3973168471516,1.0808002712576528
1539,0,1,success,,,710.9999999999992,701.502672838814,1.0135385473625522
1540,0,1,success,,,602.9999999999994,583.3095233235953,1.033756480717495
1541,0,1,success,,,744.0000000000023,729.5423222815795,1.0198174626431646
1542,0,1,success,,,657.0000000000002,667.0629655437334,0.9849145192230381
1543,1,0,obstacle_collision,,,210.00000000000017,625.8442298208078,
1544,1,0,obstacle_collision,,,57.000000000000036,675.2125591249026,
1545,0,1,success,,,737.9999999999999,735.4576806315915,1.0034567853941305
1546,1,0,obstacle_collision,,,155.9999999999999,628.0549339030782,
1547,1,0,boundary_collision,,,104.99999999999994,681.8621561576797,
1548,0,1,success,,,660.0000000000009,662.6047087064806,0.9960689855169238
1549,1,0,obstacle_collision,,,441.0,690.1376674258549,
1550,1,0,obstacle_collision,,,758.9999999999999,656.8409244253893,
1551,1,0,obstacle_collision,,,297.0000000000001,638.4684800364071,
1552,1,0,obstacle_collision,,,201.00000000000003,650.1507517491616,
1553,1,0,obstacle_collision,,,611.9999999999995,579.2037637999256,
1554,1,0,obstacle_collision,,,548.9999999999998,570.4752404793744,
1555,0,1,success,,,669.0000000000005,569.0975311842426,1.17554542647175
1556,1,0,obstacle_collision,,,720.0,618.5935660835796,
1557,1,0,obstacle_collision,,,177.0,681.0168867216142,
1558,0,1,success,,,575.9999999999993,577.7205206672168,0.997021880640088
1559,0,1,success,,,560.9999999999994,573.5451159237606,0.978127063459418
1560,1,0,obstacle_collision,,,381.00000000000006,646.4209155032037,
1561,0,1,success,,,633.0000000000001,531.0414296455598,1.191997393541389
1562,1,0,obstacle_collision,,,162.00000000000034,630.8890552228656,
1563,1,0,obstacle_collision,,,198.00000000000009,545.6051685972192,
1564,1,0,obstacle_collision,,,92.99999999999991,572.7660953652896,
1565,1,0,obstacle_collision,,,132.0000000000001,641.4803192616279,
1566,0,1,success,,,647.9999999999994,638.200595424354,1.0153547405720134
1567,0,1,success,,,755.9999999999999,663.1568441929858,1.1400018059377757
1568,1,0,obstacle_collision,,,671.9999999999997,623.574374072572,
1569,0,1,success,,,857.9999999999978,601.8538028458406,1.4255953787165265
1570,1,0,obstacle_collision,,,237.00000000000009,606.5879985624509,
1571,0,1,success,,,587.9999999999989,569.4953906749378,1.032492992266593
1572,1,0,obstacle_collision,,,575.9999999999999,565.4069331021684,
1573,0,1,success,,,642.0000000000001,624.1233852372462,1.028642757482895
1574,1,0,obstacle_collision,,,351.0000000000008,615.532289973483,
1575,0,1,success,,,645.0000000000007,627.3794704961265,1.0280859198180967
1576,1,0,boundary_collision,,,98.99999999999999,561.5380663855301,
1577,1,0,obstacle_collision,,,389.99999999999983,606.7462402026073,
1578,1,0,obstacle_collision,,,675.0000000000001,758.0567261095966,
1579,0,1,success,,,758.9999999999992,725.6479862853614,1.0459616981580406
1580,1,0,obstacle_collision,,,620.9999999999999,634.7802769462832,
1581,0,1,success,,,783.0,578.8134414472421,1.3527674790036284
1582,1,0,obstacle_collision,,,585.0000000000005,623.0770417853638,
1583,0,1,success,,,606.0000000000007,595.6953919580039,1.0172984518280834
1584,1,0,obstacle_collision,,,543.0000000000001,779.6627476030902,
1585,1,0,boundary_collision,,,119.99999999999989,596.1493101564406,
1586,0,1,success,,,761.9999999999999,643.8144142530516,1.1835708911302742
1587,0,1,success,,,653.9999999999995,620.2015801334272,1.0544958622312783
1588,0,1,success,,,653.9999999999999,652.3342701407001,1.002553491262908
1589,1,0,obstacle_collision,,,191.99999999999997,579.148512904937,
1590,1,0,obstacle_collision,,,198.00000000000014,613.2413880357392,
1591,1,0,obstacle_collision,,,126.0000000000001,678.3723166521464,
1592,1,0,obstacle_collision,,,693.0,690.1724422200585,
1593,0,1,success,,,663.0,599.6832497243857,1.105583656546543
1594,1,0,obstacle_collision,,,237.00000000000003,553.0732320407488,
1595,0,1,success,,,852.0000000000005,703.6661140057832,1.2108015194163493
1596,1,0,obstacle_collision,,,324.0000000000001,592.0844534354875,
1597,1,0,obstacle_collision,,,159.00000000000006,613.2087735836792,
1598,0,1,success,,,804.0,632.4634376784163,1.2712197292403857
1599,1,0,obstacle_collision,,,372.00000000000006,679.0728974123471,
1600,1,0,obstacle_collision,,,285.0000000000002,726.9057710597708,
1601,1,0,obstacle_collision,,,389.99999999999994,620.9420262794265,
1602,0,1,success,,,660.0000000000005,666.0645614353011,0.9908949345357271
1603,0,1,success,,,680.9999999999998,675.1947867097316,1.008597834883408
1604,1,0,obstacle_collision,,,537.0000000000002,586.2874721499684,
1605,0,1,success,,,603.0000000000001,590.5742967654451,1.0210400339171721
1606,0,1,success,,,554.9999999999998,567.5508787765199,0.9778858966731295
1607,0,1,success,,,738.0,597.441210496899,1.2352679845874652
1608,0,1,success,,,723.0,685.1751600868205,1.0552046281251448
1609,1,0,obstacle_collision,,,200.99999999999986,659.8075476985695,
1610,1,0,obstacle_collision,,,164.9999999999998,605.8919045506385,
1611,1,0,obstacle_collision,,,228.00000000000009,626.4902233874045,
1612,1,0,obstacle_collision,,,375.00000000000006,590.6538749555446,
1613,1,0,obstacle_collision,,,680.9999999999999,759.2008956791344,
1614,1,0,obstacle_collision,,,84.00000000000014,578.013840664737,
1615,1,0,boundary_collision,,,42.0,695.0755354635926,
1616,0,1,success,,,654.0000000000006,600.3540621999655,1.0893571663418957
1617,1,0,obstacle_collision,,,318.0,547.9343026312553,
1618,0,1,success,,,725.9999999999994,675.7632721597113,1.0743407194648706
1619,0,1,success,,,578.9999999999994,593.0075884843296,0.9763787365350042
1620,1,0,obstacle_collision,,,245.99999999999991,649.4897997659393,
1621,0,1,success,,,641.9999999999997,629.7245429550924,1.019493375607218
1622,1,0,obstacle_collision,,,246.0,603.8584271168202,
1623,0,1,success,,,683.9999999999995,637.1412716187831,1.0735452724042858
1624,1,0,obstacle_collision,,,510.0000000000011,661.4468988512986,
1625,1,0,obstacle_collision,,,347.9999999999999,625.188771492259,
1626,1,0,obstacle_collision,,,644.9999999999999,626.0814643478914,
1627,1,0,obstacle_collision,,,341.99999999999994,606.515457346307,
1628,1,0,obstacle_collision,,,174.00000000000009,641.1372707930806,
1629,1,0,obstacle_collision,,,146.99999999999994,614.6641359311603,
1630,1,0,obstacle_collision,,,212.99999999999983,581.8470589424682,
1631,1,0,obstacle_collision,,,368.99999999999994,581.3157489695252,
1632,0,1,success,,,701.9999999999999,668.4676506757825,1.0501630098185277
1633,1,0,obstacle_collision,,,255.00000000000034,747.7894088578682,
1634,1,0,obstacle_collision,,,228.00000000000017,617.5127529047477,
1635,1,0,obstacle_collision,,,554.9999999999999,605.4758459261608,
1636,1,0,obstacle_collision,,,588.0,576.2542841489337,
1637,1,0,boundary_collision,,,156.00000000000003,593.3177900585823,
1638,0,1,success,,,686.9999999999995,664.1460682711296,1.0344110020682078
1639,1,0,obstacle_collision,,,141.00000000000003,559.3576673292322,
1640,1,0,obstacle_collision,,,252.00000000000023,705.8965929936197,
1641,0,1,success,,,587.9999999999995,602.429248957917,0.9760482264384122
1642,1,0,obstacle_collision,,,143.99999999999986,681.1416886375404,
1643,0,1,success,,,848.9999999999998,701.9928774567446,1.2094139802042556
1644,1,0,obstacle_collision,,,132.00000000000014,569.6683245538583,
1645,1,0,obstacle_collision,,,236.99999999999977,631.6153892995325,
1646,1,0,obstacle_collision,,,183.00000000000009,660.9273787641121,
1647,0,1,success,,,650.9999999999993,616.7738645565325,1.055492194806399
1648,1,0,obstacle_collision,,,684.0,622.0972592770362,
1649,1,0,obstacle_collision,,,765.0000000000002,714.0,
1650,0,1,success,,,870.0000000000005,611.0613717131856,1.423752245311872
1651,1,0,obstacle_collision,,,254.99999999999997,715.1146761184531,
1652,1,0,obstacle_collision,,,362.9999999999998,555.8246126252417,
1653,0,1,success,,,771.0,593.4172225340279,1.2992545054686024
1654,1,0,obstacle_collision,,,219.0,663.9307192772451,
1655,1,0,obstacle_collision,,,435.0000000000001,657.9247677356432,
1656,1,0,obstacle_collision,,,567.0000000000002,668.2222684107437,
1657,1,0,obstacle_collision,,,615.0000000000002,680.312428226914,
1658,1,0,obstacle_collision,,,245.99999999999994,593.7356314050893,
1659,1,0,obstacle_collision,,,320.99999999999955,534.4838631801713,
1660,1,0,obstacle_collision,,,95.99999999999994,673.238442158497,
1661,1,0,obstacle_collision,,,98.9999999999999,615.1113720294886,
1662,1,0,obstacle_collision,,,159.00000000000009,705.7003613432545,
1663,1,0,obstacle_collision,,,311.9999999999995,554.8062724951836,
1664,1,0,obstacle_collision,,,161.99999999999994,690.6381107352822,
1665,1,0,obstacle_collision,,,236.9999999999999,616.0925255186919,
1666,0,1,success,,,551.9999999999987,559.682945961372,0.9862726816730566
1667,1,0,obstacle_collision,,,228.00000000000037,715.6682192189339,
1668,1,0,obstacle_collision,,,485.99999999999994,666.2281891364249,
1669,1,0,obstacle_collision,,,461.99999999999915,637.771902799112,
1670,1,0,obstacle_collision,,,306.00000000000034,557.6468416480093,
1671,1,0,obstacle_collision,,,267.00000000000045,598.7603861312136,
1672,1,0,obstacle_collision,,,98.99999999999994,620.6778552518206,
1673,1,0,obstacle_collision,,,759.0,625.2591462745667,
1674,0,1,success,,,656.9999999999987,626.3689008882865,1.0489026499691678
1675,0,1,success,,,545.9999999999997,553.6397745827155,0.9862008205814439
1676,0,1,success,,,764.9999999999992,730.9897400100771,1.04652631648353
1677,0,1,success,,,849.0000000000009,675.3228857368896,1.2571764083984813
1678,1,0,obstacle_collision,,,483.0000000000001,580.1810062385704,
1679,0,1,success,,,648.0000000000006,538.9341332667657,1.202373277179771
1680,1,0,obstacle_collision,,,108.0000000000001,514.192570930386,
1681,1,0,obstacle_collision,,,428.9999999999997,633.4390262685115,
1682,1,0,obstacle_collision,,,683.9999999999999,671.3516217303717,
1683,0,1,success,,,660.0,618.5951826517888,1.0669336239747573
1684,1,0,obstacle_collision,,,570.0000000000003,640.4014366005123,
1685,0,1,success,,,621.0000000000005,624.0392615853589,0.9951296949207374
1686,0,1,success,,,650.9999999999995,662.8499075959805,0.9821227890957123
1687,1,0,obstacle_collision,,,731.9999999999995,751.080554934023,
1688,0,1,success,,,770.9999999999998,576.0112846116818,1.3385154433558877
1689,0,1,success,,,639.0000000000003,608.1586963942882,1.0507125916122997
1690,1,0,obstacle_collision,,,375.0000000000004,630.4323912998126,
1691,1,0,obstacle_collision,,,669.0,666.3159911033202,
1692,0,1,success,,,737.9999999999999,659.856044906766,1.118425762249818
1693,1,0,boundary_collision,,,59.99999999999992,701.5732321005413,
1694,1,0,obstacle_collision,,,200.99999999999997,612.0204244957843,
1695,1,0,obstacle_collision,,,519.0000000000006,576.8335981892872,
1696,1,0,obstacle_collision,,,689.9999999999999,795.9302733280095,
1697,0,1,success,,,591.0000000000003,601.2403845384972,0.9829679030187614
1698,1,0,obstacle_collision,,,642.0,612.0294110579981,
1699,0,1,success,,,714.0000000000005,631.1449912658738,1.1312772974209082
1700,1,0,obstacle_collision,,,633.0000000000001,570.1341947296268,
1701,0,1,success,,,792.0,693.2712311931024,1.1424100184237962
1702,1,0,obstacle_collision,,,297.0000000000001,615.2633582458816,
1703,0,1,success,,,645.0000000000006,649.7076265521284,0.9927542384301223
1704,0,1,success,,,770.9999999999991,661.2359639342071,1.1659982851094794
1705,1,0,obstacle_collision,,,551.9999999999992,630.2031418518952,
1706,1,0,obstacle_collision,,,141.00000000000009,599.1410518400488,
1707,1,0,obstacle_collision,,,974.9999999999999,619.6620046444674,
1708,1,0,obstacle_collision,,,123.00000000000001,604.8470881140125,
1709,1,0,obstacle_collision,,,515.9999999999999,607.9777956471765,
1710,1,0,obstacle_collision,,,524.9999999999997,637.2730968744876,
1711,0,1,success,,,762.0,639.7038377249272,1.1911762210306767
1712,1,0,obstacle_collision,,,246.00000000000006,728.7153079220993,
1713,1,0,obstacle_collision,,,494.9999999999999,611.0728270836464,
1714,1,0,obstacle_collision,,,693.0,754.1418964624628,
1715,1,0,obstacle_collision,,,203.99999999999974,585.9803750980061,
1716,0,1,success,,,566.9999999999998,561.3207639131124,1.0101176305100419
1717,0,1,success,,,617.9999999999998,564.3908220373538,1.0949859137842215
1718,1,0,obstacle_collision,,,612.0000000000001,616.2734782545814,
1719,0,1,success,,,785.9999999999997,564.3350068886388,1.3927897266793205
1720,1,0,obstacle_collision,,,339.0000000000001,642.1121397388465,
1721,1,0,obstacle_collision,,,183.00000000000003,798.1603848851432,
1722,0,1,success,,,675.0,538.4914112592697,1.2535018867274095
1723,0,1,success,,,600.0000000000003,591.9476328189851,1.0136031749002326
1724,1,0,obstacle_collision,,,87.00000000000013,579.0310872483445,
1725,0,1,success,,,611.9999999999994,625.6532586025586,0.9781775953136491
1726,1,0,obstacle_collision,,,254.99999999999994,665.0451112518608,
1727,0,1,success,,,629.9999999999998,607.5804473483327,1.0368997270230023
1728,1,0,obstacle_collision,,,606.0000000000003,541.3917250937624,
1729,1,0,boundary_collision,,,815.9999999999999,668.0067364929788,
1730,1,0,obstacle_collision,,,56.999999999999964,660.1651308574242,
1731,1,0,obstacle_collision,,,182.9999999999992,721.8379319487166,
1732,1,0,obstacle_collision,,,303.00000000000045,647.1135912650885,
1733,0,1,success,,,512.9999999999995,528.3795983949418,0.970892898890001
1734,1,0,obstacle_collision,,,840.0000000000002,681.4704689126302,
1735,0,1,success,,,515.9999999999995,528.5319290260524,0.9762891732025615
1736,0,1,success,,,780.0000000000006,672.8461934201605,1.1592545333951643
1737,0,1,success,,,584.9999999999998,600.1408168088553,0.9747712263775622
1738,1,0,obstacle_collision,,,197.9999999999997,645.6291505190886,
1739,1,0,obstacle_collision,,,669.0,694.0583548953215,
1740,1,0,obstacle_collision,,,447.0000000000004,615.2796112337869,
1741,1,0,obstacle_collision,,,264.0000000000002,696.2255381699238,
1742,0,1,success,,,603.0000000000002,581.9836767470373,1.0361115338671223
1743,1,0,obstacle_collision,,,552.0000000000002,809.4325172613218,
1744,1,0,obstacle_collision,,,417.00000000000057,671.2086113869517,
1745,1,0,obstacle_collision,,,683.9999999999998,697.1097474573139,
1746,0,1,success,,,768.0,725.6479862853614,1.0583644060413386
1747,1,0,obstacle_collision,,,354.0000000000008,759.2239458815824,
1748,1,0,obstacle_collision,,,687.0000000000001,642.4406587382215,
1749,1,0,obstacle_collision,,,296.99999999999983,577.6313703392502,
1750,1,0,obstacle_collision,,,320.9999999999998,567.0881765651617,
1751,0,1,success,,,545.9999999999998,547.0987113857974,0.9979917492713251
1752,1,0,obstacle_collision,,,248.9999999999999,675.0185182644992,
1753,1,0,boundary_collision,,,1008.0,636.0510985762072,
1754,1,0,obstacle_collision,,,593.9999999999997,700.4584213213515,
1755,1,0,obstacle_collision,,,99.00000000000003,613.6391447748424,
1756,1,0,obstacle_collision,,,312.00000000000034,633.3442981506978,
1757,0,1,success,,,605.9999999999994,617.590479201226,0.9812327430691332
1758,1,0,obstacle_collision,,,237.00000000000017,679.356312990466,
1759,0,1,success,,,609.0000000000002,575.1052077663703,1.0589366811079188
1760,1,0,obstacle_collision,,,254.99999999999997,600.9126392413459,
1761,1,0,obstacle_collision,,,542.9999999999998,595.4569673788359,
